{
"skeleton": {
	"hash": "odeCUVPano0",
	"spine": "3.7-from-3.8-from-4.0-from-4.1.20-beta",
	"x": -1892.82,
	"y": 262.85,
	"width": 4098,
	"height": 682.19,
	"images": "L:/.shortcut-targets-by-id/1W1y-PYkw_bxhyevZFE_WU70jKIcX38Et/Share.hp/!Картины в работе/fox_and_fish/animations/images/waves/",
	"audio": "./../images/river/"
},
"bones": [
	{ "name": "root" },
	{
		"name": "wave_3_2",
		"parent": "root",
		"length": 70.57,
		"rotation": -179.28,
		"x": 1129.49,
		"y": 891.43,
		"color": "ff0000ff"
	},
	{
		"name": "wave_3_1",
		"parent": "root",
		"length": 59.08,
		"rotation": -2.41,
		"x": -574.39,
		"y": 899.85,
		"color": "ff0000ff"
	},
	{
		"name": "wave_4_2",
		"parent": "root",
		"length": 151.94,
		"rotation": -178.23,
		"x": 1648.54,
		"y": 792.5,
		"color": "ff0000ff"
	},
	{
		"name": "wave_4_1",
		"parent": "root",
		"length": 91.24,
		"rotation": -1.52,
		"x": -778.94,
		"y": 593.47,
		"color": "ff0000ff"
	},
	{
		"name": "wave_5_1",
		"parent": "root",
		"length": 91.08,
		"rotation": -0.26,
		"x": -1891.8,
		"y": 371.89,
		"color": "ff0000ff"
	},
	{
		"name": "wave_5_2",
		"parent": "root",
		"length": 251.09,
		"rotation": 179.91,
		"x": 2203.63,
		"y": 283.91,
		"color": "ff0000ff"
	}
],
"slots": [
	{ "name": "wave_3", "bone": "wave_3_1", "attachment": "wave_3" },
	{ "name": "wave_4", "bone": "wave_4_1", "attachment": "wave_4" },
	{ "name": "wave_5", "bone": "wave_5_1", "attachment": "wave_5" }
],
"animations": {
	"idle": {
		"slots": {
			"wave_3": {
				"color": [
					{ "color": "ffffffff", "time": 0.0 },
					{ "time": 2.2333, "color": "ffffff00" }
				]
			},
			"wave_4": {
				"color": [
					{ "color": "ffffff00", "time": 0.0 },
					{ "time": 2.3333, "color": "ffffffff" },
					{ "time": 4.5333, "color": "ffffff00" }
				]
			},
			"wave_5": {
				"color": [
					{ "color": "ffffff00", "curve": "stepped", "time": 0.0 },
					{ "time": 1.8, "color": "ffffff00" },
					{ "time": 4.6667, "color": "ffffffff" },
					{ "time": 8.3333, "color": "ffffff00" }
				]
			}
		},
		"bones": {
			"wave_3_2": {
				"translate": [
					{ "x": -212.82, "y": 57.04, "time": 0.0 },
					{ "time": 0.2667, "x": -93.81, "y": 43.31 },
					{ "time": 0.5667, "x": -2.69, "y": 3.33 },
					{ "time": 2.2333, "x": 138.19, "y": -76.23 }
				],
				"scale": [
					{ "time": 0.0, "x": 1.0, "y": 1.0 },
					{ "time": 2.2333, "y": 1.384, "x": 1.0 }
				]
			},
			"wave_3_1": {
				"translate": [
					{ "x": 215.51, "y": 81.68, "time": 0.0 },
					{ "time": 0.5667, "x": 78.97, "y": 26.33 },
					{ "time": 1.1, "x": 3.77, "y": -16.89 },
					{ "time": 2.2333, "x": -50.56, "y": -62.03 }
				],
				"scale": [
					{ "time": 0.0, "x": 1.0, "y": 1.0 },
					{ "time": 2.2333, "y": 1.384, "x": 1.0 }
				]
			},
			"wave_4_2": {
				"translate": [
					{ "x": -288.88, "y": 8.69, "curve": "stepped", "time": 0.0 },
					{ "time": 2.3333, "x": -288.88, "y": 8.69 },
					{ "time": 4.5333, "x": 161.44, "y": -61.81 }
				],
				"scale": [
					{ "time": 2.3333, "x": 1.0, "y": 1.0 },
					{ "time": 4.5333, "y": 1.928, "x": 1.0 }
				]
			},
			"wave_4_1": {
				"translate": [
					{ "x": 155.44, "y": 123.62, "curve": "stepped", "time": 0.0 },
					{ "time": 2.3333, "x": 155.44, "y": 123.62 },
					{ "time": 4.5333, "x": -67.44, "y": -35.18 }
				],
				"scale": [
					{ "time": 2.3333, "x": 1.0, "y": 1.0 },
					{ "time": 4.5333, "y": 1.928, "x": 1.0 }
				]
			},
			"wave_5_1": {
				"translate": [
					{ "x": 0.5, "y": 110.33, "curve": "stepped", "time": 0.0 },
					{ "time": 4.6667, "x": 0.5, "y": 110.33 },
					{ "time": 8.3333, "x": -1.7, "y": -374.95 }
				],
				"scale": [
					{ "time": 4.6667, "x": 1.0, "y": 1.0 },
					{ "time": 8.3333, "y": 2.931, "x": 1.0 }
				]
			},
			"wave_5_2": {
				"translate": [
					{ "x": 0.42, "y": 256.39, "curve": "stepped", "time": 0.0 },
					{ "time": 4.6667, "x": 0.42, "y": 256.39 },
					{ "time": 8.3333, "x": -0.47, "y": -286.59 }
				],
				"scale": [
					{ "time": 4.6667, "x": 1.0, "y": 1.0 },
					{ "time": 8.3333, "y": 2.931, "x": 1.0 }
				]
			}
		}
	}
},
"skins": {
	"default": {
		"wave_3": {
			"wave_3": {
				"type": "mesh",
				"uvs": [ 1, 1, 0, 1, 0, 0, 1, 0 ],
				"triangles": [ 1, 2, 3, 1, 3, 0 ],
				"vertices": [ 1, 1, -5.86, 66.47, 1, 1, 2, -7.28, -75.17, 1, 1, 2, -12.32, 44.72, 1, 1, 1, -7.36, -53.52, 1 ],
				"hull": 4,
				"edges": [ 0, 2, 2, 4, 4, 6, 0, 6 ],
				"width": 1721,
				"height": 120
			}
		},
		"wave_4": {
			"wave_4": {
				"type": "mesh",
				"uvs": [ 1, 1, 0, 1, 0, 0, 1, 0 ],
				"triangles": [ 1, 2, 3, 1, 3, 0 ],
				"vertices": [ 1, 3, -3.8, 220.67, 1, 1, 4, -9.32, -21.68, 1, 2, 3, 2414.68, -90.1, 0, 4, -15.52, 212.24, 1, 1, 3, -11.05, -13.22, 1 ],
				"hull": 4,
				"edges": [ 0, 2, 2, 4, 4, 6, 0, 6 ],
				"width": 2448,
				"height": 234
			}
		},
		"wave_5": {
			"wave_5": {
				"type": "mesh",
				"uvs": [ 1, 1, 0, 1, 0, 0, 1, 0 ],
				"triangles": [ 1, 3, 0, 1, 2, 3 ],
				"vertices": [ 1, 6, -1.58, 21.06, 1, 2, 5, -0.53, -109.04, 1, 6, 4096.41, 27.78, 0, 1, 5, -1.37, 75.96, 1, 1, 6, -1.28, -163.94, 1 ],
				"hull": 4,
				"edges": [ 0, 2, 2, 4, 4, 6, 0, 6 ],
				"width": 4098,
				"height": 185
			}
		}
	}
}
}