{
"skeleton": {
	"hash": "jF70Up4Z3cw",
	"spine": "3.7-from-3.8-from-4.0-from-4.1.20-beta",
	"x": -1777.69,
	"y": 1544.22,
	"width": 3983,
	"height": 1586.08,
	"images": "../images/branches_and_bushes/",
	"audio": "../images/vegetation_2/"
},
"bones": [
	{ "name": "root" },
	{
		"name": "bushes_5",
		"parent": "root",
		"length": 976.97,
		"rotation": 104.52,
		"x": -1345.97,
		"y": 1740.45,
		"color": "ff0000ff"
	},
	{ "name": "branch_13", "parent": "bushes_5", "length": 218.07, "rotation": -2.69, "x": 1081.85, "y": 29.34 },
	{ "name": "branch_14", "parent": "bushes_5", "length": 150.13, "rotation": -24.76, "x": 1076.19, "y": 17.92 },
	{
		"name": "bushes_3",
		"parent": "root",
		"length": 973.03,
		"rotation": 92.44,
		"x": -558.46,
		"y": 1729.15,
		"color": "ff0000ff"
	},
	{ "name": "branch_15", "parent": "bushes_3", "length": 123.47, "rotation": 19.71, "x": 1152, "y": -145.53 },
	{ "name": "branch_16", "parent": "bushes_3", "length": 255.01, "rotation": 0.02, "x": 1127.62, "y": -194.63 },
	{ "name": "branch_17", "parent": "bushes_3", "length": 146.02, "rotation": -13.99, "x": 1114.76, "y": -212.98 },
	{
		"name": "bushes_4",
		"parent": "root",
		"length": 862.42,
		"rotation": 91.84,
		"x": 241.16,
		"y": 1709.4,
		"color": "ff0000ff"
	},
	{ "name": "branch_18", "parent": "bushes_4", "length": 153.83, "rotation": 10.86, "x": 988.9, "y": 81.48 },
	{ "name": "branch_19", "parent": "bushes_4", "length": 248.28, "rotation": -14.43, "x": 977.5, "y": 52.31 },
	{ "name": "branch_20", "parent": "bushes_4", "length": 180.15, "rotation": 8.91, "x": 896.23, "y": -203.44 },
	{ "name": "branch_21", "parent": "bushes_4", "length": 363.75, "rotation": -0.11, "x": 800.09, "y": -268.99 },
	{ "name": "branch_22", "parent": "bushes_4", "length": 315.18, "rotation": -25.45, "x": 793.66, "y": -298.3 },
	{
		"name": "bushes_2",
		"parent": "root",
		"length": 856.94,
		"rotation": 88.26,
		"x": 1055.49,
		"y": 1756.52,
		"color": "ff0000ff"
	},
	{ "name": "branch_23", "parent": "bushes_2", "length": 268.61, "rotation": 18.59, "x": 898.42, "y": 189.68 },
	{ "name": "branch_24", "parent": "bushes_2", "length": 276.89, "rotation": -7.33, "x": 915.22, "y": 175.38 },
	{ "name": "branch_25", "parent": "root", "length": 301.54, "rotation": 96.24, "x": 513.15, "y": 1812.07 },
	{ "name": "branch_26", "parent": "root", "length": 410.02, "rotation": 82.19, "x": 550.83, "y": 1826.81 },
	{ "name": "branch_27", "parent": "root", "length": 229.34, "rotation": 100.22, "x": 1057.61, "y": 1822.22 },
	{
		"name": "bushes_1",
		"parent": "root",
		"length": 876.59,
		"rotation": 94.53,
		"x": 1925.02,
		"y": 1925.24,
		"color": "ff0000ff"
	}
],
"slots": [
	{ "name": "branch_13", "bone": "branch_13", "attachment": "branch_13" },
	{ "name": "branch_14", "bone": "branch_14", "attachment": "branch_14" },
	{ "name": "branch_15", "bone": "branch_15", "attachment": "branch_15" },
	{ "name": "branch_16", "bone": "branch_16", "attachment": "branch_16" },
	{ "name": "branch_17", "bone": "branch_17", "attachment": "branch_17" },
	{ "name": "branch_18", "bone": "branch_18", "attachment": "branch_18" },
	{ "name": "branch_19", "bone": "branch_19", "attachment": "branch_19" },
	{ "name": "branch_21", "bone": "branch_21", "attachment": "branch_21" },
	{ "name": "branch_22", "bone": "branch_22", "attachment": "branch_22" },
	{ "name": "branch_23", "bone": "branch_23", "attachment": "branch_23" },
	{ "name": "branch_24", "bone": "branch_24", "attachment": "branch_24" },
	{ "name": "branch_27", "bone": "branch_27", "attachment": "branch_27" },
	{ "name": "branch_20", "bone": "branch_20", "attachment": "branch_20" },
	{ "name": "bushes", "bone": "bushes_1", "attachment": "bushes" },
	{ "name": "branch_25", "bone": "branch_25", "attachment": "branch_25" },
	{ "name": "branch_26", "bone": "branch_26", "attachment": "branch_26" }
],
"animations": {
	"idle": {
		"bones": {
			"branch_13": {
				"rotate": [
					{ "time": 0.0, "angle": 0.0 },
					{ "time": 1.6667, "angle": 8.88 },
					{ "time": 3.3333, "angle": 0.0 }
				]
			},
			"branch_14": {
				"rotate": [
					{ "time": 0.0, "angle": 0.0 },
					{ "time": 1.6667, "angle": 8.88 },
					{ "time": 3.3333, "angle": 0.0 }
				]
			},
			"branch_15": {
				"rotate": [
					{ "time": 0.0, "angle": 0.0 },
					{ "time": 1.6667, "angle": 8.88 },
					{ "time": 3.3333, "angle": 0.0 }
				]
			},
			"branch_16": {
				"rotate": [
					{ "time": 0.0, "angle": 0.0 },
					{ "time": 1.6667, "angle": 8.88 },
					{ "time": 3.3333, "angle": 0.0 }
				]
			},
			"branch_17": {
				"rotate": [
					{ "time": 0.0, "angle": 0.0 },
					{ "time": 1.6667, "angle": 8.88 },
					{ "time": 3.3333, "angle": 0.0 }
				]
			},
			"branch_18": {
				"rotate": [
					{ "time": 0.0, "angle": 0.0 },
					{ "time": 1.6667, "angle": 8.88 },
					{ "time": 3.3333, "angle": 0.0 }
				]
			},
			"branch_19": {
				"rotate": [
					{ "time": 0.0, "angle": 0.0 },
					{ "time": 1.6667, "angle": 8.88 },
					{ "time": 3.3333, "angle": 0.0 }
				]
			},
			"branch_20": {
				"rotate": [
					{ "time": 0.0, "angle": 0.0 },
					{ "time": 1.6667, "angle": 8.88 },
					{ "time": 3.3333, "angle": 0.0 }
				]
			},
			"branch_21": {
				"rotate": [
					{ "time": 0.0, "angle": 0.0 },
					{ "time": 1.6667, "angle": 8.88 },
					{ "time": 3.3333, "angle": 0.0 }
				]
			},
			"branch_22": {
				"rotate": [
					{ "time": 0.0, "angle": 0.0 },
					{ "time": 1.6667, "angle": 8.88 },
					{ "time": 3.3333, "angle": 0.0 }
				]
			},
			"branch_23": {
				"rotate": [
					{ "time": 0.0, "angle": 0.0 },
					{ "time": 1.6667, "angle": 8.88 },
					{ "time": 3.3333, "angle": 0.0 }
				]
			},
			"branch_24": {
				"rotate": [
					{ "time": 0.0, "angle": 0.0 },
					{ "time": 1.6667, "angle": 8.88 },
					{ "time": 3.3333, "angle": 0.0 }
				]
			},
			"branch_25": {
				"rotate": [
					{ "time": 0.0, "angle": 0.0 },
					{ "time": 1.6667, "angle": 8.88 },
					{ "time": 3.3333, "angle": 0.0 }
				]
			},
			"branch_26": {
				"rotate": [
					{ "time": 0.0, "angle": 0.0 },
					{ "time": 1.6667, "angle": 8.88 },
					{ "time": 3.3333, "angle": 0.0 }
				]
			},
			"branch_27": {
				"rotate": [
					{ "time": 0.0, "angle": 0.0 },
					{ "time": 1.6667, "angle": 8.88 },
					{ "time": 3.3333, "angle": 0.0 }
				]
			},
			"bushes_3": {
				"rotate": [
					{ "time": 0.0, "angle": 0.0 },
					{ "time": 1.6667, "angle": 1.8 },
					{ "time": 3.3333, "angle": 0.0 }
				]
			},
			"bushes_1": {
				"rotate": [
					{ "time": 0.0, "angle": 0.0 },
					{ "time": 1.6667, "angle": 1.8 },
					{ "time": 3.3333, "angle": 0.0 }
				]
			},
			"bushes_2": {
				"rotate": [
					{ "time": 0.0, "angle": 0.0 },
					{ "time": 1.6667, "angle": 1.8 },
					{ "time": 3.3333, "angle": 0.0 }
				]
			},
			"bushes_4": {
				"rotate": [
					{ "time": 0.0, "angle": 0.0 },
					{ "time": 1.6667, "angle": 1.8 },
					{ "time": 3.3333, "angle": 0.0 }
				]
			},
			"bushes_5": {
				"rotate": [
					{ "time": 0.0, "angle": 0.0 },
					{ "time": 1.6667, "angle": 1.8 },
					{ "time": 3.3333, "angle": 0.0 }
				]
			}
		}
	},
	"idle_offset": {
		"bones": {
			"branch_13": {
				"rotate": [
					{ "angle": 5.14, "time": 0.0 },
					{ "time": 0.9333, "angle": 0.0 },
					{ "time": 2.6, "angle": 8.88 },
					{ "time": 3.3333, "angle": 5.14 }
				]
			},
			"branch_14": {
				"rotate": [
					{ "angle": 4.2, "time": 0.0 },
					{ "time": 0.8, "angle": 0.0 },
					{ "time": 2.4667, "angle": 8.88 },
					{ "time": 3.3333, "angle": 4.2 }
				]
			},
			"branch_15": {
				"rotate": [
					{ "angle": 3.73, "time": 0.0 },
					{ "time": 0.7333, "angle": 0.0 },
					{ "time": 2.4, "angle": 8.88 },
					{ "time": 3.3333, "angle": 3.73 }
				]
			},
			"branch_16": {
				"rotate": [
					{ "angle": 3.27, "time": 0.0 },
					{ "time": 0.6667, "angle": 0.0 },
					{ "time": 2.3333, "angle": 8.88 },
					{ "time": 3.3333, "angle": 3.27 }
				]
			},
			"branch_17": {
				"rotate": [
					{ "angle": 2.81, "time": 0.0 },
					{ "time": 0.6, "angle": 0.0 },
					{ "time": 2.2667, "angle": 8.88 },
					{ "time": 3.3333, "angle": 2.81 }
				]
			},
			"branch_18": {
				"rotate": [
					{ "angle": 2.37, "time": 0.0 },
					{ "time": 0.5333, "angle": 0.0 },
					{ "time": 2.2, "angle": 8.88 },
					{ "time": 3.3333, "angle": 2.37 }
				]
			},
			"branch_19": {
				"rotate": [
					{ "angle": 1.93, "time": 0.0 },
					{ "time": 0.4667, "angle": 0.0 },
					{ "time": 2.1333, "angle": 8.88 },
					{ "time": 3.3333, "angle": 1.93 }
				]
			},
			"branch_20": {
				"rotate": [
					{ "time": 0.0, "angle": 0.0 },
					{ "time": 1.6667, "angle": 8.88 },
					{ "time": 3.3333, "angle": 0.0 }
				]
			},
			"branch_21": {
				"rotate": [
					{ "time": 0.0, "angle": 0.0 },
					{ "time": 1.6667, "angle": 8.88 },
					{ "time": 3.3333, "angle": 0.0 }
				]
			},
			"branch_22": {
				"rotate": [
					{ "angle": 1.54, "time": 0.0 },
					{ "time": 0.4, "angle": 0.0 },
					{ "time": 2.0667, "angle": 8.88 },
					{ "time": 3.3333, "angle": 1.54 }
				]
			},
			"branch_23": {
				"rotate": [
					{ "angle": 1.15, "time": 0.0 },
					{ "time": 0.3333, "angle": 0.0 },
					{ "time": 2, "angle": 8.88 },
					{ "time": 3.3333, "angle": 1.15 }
				]
			},
			"branch_24": {
				"rotate": [
					{ "angle": 0.81, "time": 0.0 },
					{ "time": 0.2667, "angle": 0.0 },
					{ "time": 1.9333, "angle": 8.88 },
					{ "time": 3.3333, "angle": 0.81 }
				]
			},
			"branch_25": {
				"rotate": [
					{ "angle": 0.52, "time": 0.0 },
					{ "time": 0.2, "angle": 0.0 },
					{ "time": 1.8667, "angle": 8.88 },
					{ "time": 3.3333, "angle": 0.52 }
				]
			},
			"branch_26": {
				"rotate": [
					{ "angle": 0.24, "time": 0.0 },
					{ "time": 0.1333, "angle": 0.0 },
					{ "time": 1.8, "angle": 8.88 },
					{ "time": 3.3333, "angle": 0.24 }
				]
			},
			"branch_27": {
				"rotate": [
					{ "angle": 0.12, "time": 0.0 },
					{ "time": 0.0667, "angle": 0.0 },
					{ "time": 1.7333, "angle": 8.88 },
					{ "time": 3.3333, "angle": 0.12 }
				]
			},
			"bushes_1": {
				"rotate": [
					{ "time": 0.0, "angle": 0.0 },
					{ "time": 1.6667, "angle": 1.8 },
					{ "time": 3.3333, "angle": 0.0 }
				]
			},
			"bushes_2": {
				"rotate": [
					{ "angle": 0.23, "time": 0.0 },
					{ "time": 0.3333, "angle": 0.0 },
					{ "time": 2, "angle": 1.8 },
					{ "time": 3.3333, "angle": 0.23 }
				]
			},
			"bushes_4": {
				"rotate": [
					{ "angle": 0.66, "time": 0.0 },
					{ "time": 0.6667, "angle": 0.0 },
					{ "time": 2.3333, "angle": 1.8 },
					{ "time": 3.3333, "angle": 0.66 }
				]
			},
			"bushes_3": {
				"rotate": [
					{ "angle": 1.14, "time": 0.0 },
					{ "time": 1, "angle": 0.0 },
					{ "time": 2.6667, "angle": 1.8 },
					{ "time": 3.3333, "angle": 1.14 }
				]
			},
			"bushes_5": {
				"rotate": [
					{ "angle": 1.56, "time": 0.0 },
					{ "time": 1.3333, "angle": 0.0 },
					{ "time": 3, "angle": 1.8 },
					{ "time": 3.3333, "angle": 1.56 }
				]
			}
		}
	}
},
"skins": {
	"default": {
		"branch_13": {
			"branch_13": { "x": 111.74, "y": -0.12, "rotation": -101.83, "width": 63, "height": 229 }
		},
		"branch_14": {
			"branch_14": { "x": 73.49, "y": 2.9, "rotation": -79.76, "width": 53, "height": 157 }
		},
		"branch_15": {
			"branch_15": { "x": 59.82, "y": 0.33, "rotation": -112.15, "width": 66, "height": 127 }
		},
		"branch_16": {
			"branch_16": { "x": 131.74, "y": -3.33, "rotation": -92.47, "width": 43, "height": 269 }
		},
		"branch_17": {
			"branch_17": { "x": 73.87, "y": 1.14, "rotation": -78.45, "width": 48, "height": 151 }
		},
		"branch_18": {
			"branch_18": { "x": 74.42, "y": -5.05, "rotation": -102.7, "width": 59, "height": 159 }
		},
		"branch_19": {
			"branch_19": { "x": 119.23, "y": 4.31, "rotation": -77.41, "width": 76, "height": 256 }
		},
		"branch_20": {
			"branch_20": { "x": 86.56, "y": -6.39, "rotation": -100.75, "width": 61, "height": 184 }
		},
		"branch_21": {
			"branch_21": { "x": 179.47, "y": -11.5, "rotation": -91.73, "width": 53, "height": 382 }
		},
		"branch_22": {
			"branch_22": { "x": 155.6, "y": -2.92, "rotation": -66.39, "width": 137, "height": 302 }
		},
		"branch_23": {
			"branch_23": { "x": 131.65, "y": -3.39, "rotation": -106.86, "width": 97, "height": 264 }
		},
		"branch_24": {
			"branch_24": { "x": 136.47, "y": 2.9, "rotation": -80.94, "width": 63, "height": 275 }
		},
		"branch_25": {
			"branch_25": { "x": 152.13, "y": -3.1, "rotation": -96.24, "width": 63, "height": 320 }
		},
		"branch_26": {
			"branch_26": { "x": 199.98, "y": 5.68, "rotation": -82.19, "width": 87, "height": 420 }
		},
		"branch_27": {
			"branch_27": { "x": 114.51, "y": -5.75, "rotation": -100.22, "width": 68, "height": 245 }
		},
		"bushes": {
			"bushes": {
				"type": "mesh",
				"uvs": [ 1, 1, 0, 1, 0, 0.12972, 0.04665, 0.12752, 0.06493, 0.14987, 0.08448, 0.18829, 0.12022, 0.19744, 0.14214, 0.23495, 0.15529, 0.27886, 0.1762, 0.27886, 0.17755, 0.24775, 0.20014, 0.15718, 0.23141, 0.05864, 0.26649, 0.05277, 0.29117, 0.09154, 0.30244, 0.07392, 0.3596, 0.08802, 0.39858, 0.17497, 0.42197, 0.23373, 0.46484, 0.16322, 0.50034, 0.22668, 0.54712, 0.2396, 0.5692, 0.30893, 0.60472, 0.35828, 0.64803, 0.23843, 0.68744, 0.20553, 0.70043, 0.15265, 0.7523, 0.14973, 0.77999, 0.21596, 0.8003, 0.14583, 0.82152, 0.09564, 0.85958, 0.07235, 0.86784, 0.03237, 0.89423, 0, 0.91121, 0, 0.93268, 0.01141, 0.95804, 0.0337, 0.96424, 0.01454, 0.98629, 0, 1, 0 ],
				"triangles": [ 2, 5, 1, 4, 2, 3, 5, 2, 4, 5, 8, 1, 7, 5, 6, 8, 5, 7, 18, 1, 9, 1, 8, 9, 14, 15, 16, 16, 17, 14, 17, 9, 14, 18, 9, 17, 11, 12, 13, 14, 11, 13, 9, 10, 11, 14, 9, 11, 18, 20, 22, 20, 21, 22, 22, 23, 18, 18, 19, 20, 1, 18, 23, 25, 26, 27, 27, 28, 25, 25, 23, 24, 25, 28, 23, 36, 37, 38, 38, 39, 36, 0, 36, 39, 33, 34, 35, 35, 36, 33, 33, 31, 32, 33, 36, 31, 0, 31, 36, 29, 30, 31, 31, 28, 29, 0, 28, 31, 0, 23, 28, 23, 0, 1 ],
				"vertices": [ 1, 20, -401.96, -249.33, 1, 1, 1, -81.74, 467.13, 1, 1, 1, 1155.03, 146.85, 1, 2, 4, 1138.89, 985.79, 0, 1, 1111.58, -33.85, 1, 2, 4, 1103.02, 914.47, 0.01, 1, 1061.58, -96.08, 0.99, 2, 4, 1043.35, 839.05, 0.03, 1, 987.45, -157.35, 0.97, 2, 4, 1023.87, 697.39, 0.12, 1, 938.76, -291.8, 0.88, 2, 4, 965.14, 612.52, 0.2, 1, 863.57, -362.5, 0.8, 2, 4, 898.5, 562.94, 0.34, 1, 788.03, -397.04, 0.66, 2, 4, 894.95, 479.75, 0.58, 1, 767.16, -477.65, 0.42, 2, 4, 940.35, 472.44, 0.69, 1, 810.01, -494.3, 0.31, 2, 4, 1069.35, 376.88, 0.86, 1, 916.17, -614.74, 0.14, 2, 4, 1208.57, 246.28, 0.96, 1, 1024.98, -771.57, 0.04, 3, 8, 1255.45, 917.61, 0, 4, 1211.24, 106.31, 0.98, 1, 998.3, -909, 0.02, 3, 8, 1195.4, 821.17, 0, 4, 1150.18, 10.5, 0.99, 1, 918.55, -989.91, 0.01, 3, 8, 1219.83, 775.47, 0.01, 4, 1174.12, -35.45, 0.99, 1, 932.35, -1039.86, 0, 2, 8, 1191.83, 548.59, 0.11, 4, 1143.74, -262.02, 0.89, 2, 8, 1059.26, 397.52, 0.32, 4, 1009.59, -411.69, 0.68, 2, 8, 970.07, 307.18, 0.6, 4, 919.45, -501.09, 0.4, 2, 8, 1068.03, 133.18, 0.9, 4, 1015.58, -676.11, 0.1, 3, 14, 897.06, 867.88, 0, 8, 970.39, -5.16, 0.98, 4, 916.49, -813.42, 0.02, 2, 14, 883.73, 681.09, 0.05, 8, 945.45, -190.75, 0.95, 2, 14, 784.67, 590.08, 0.17, 8, 840.9, -275.42, 0.83, 2, 14, 716.54, 446.5, 0.51, 8, 763.95, -414.47, 0.49, 2, 14, 897.63, 279.41, 0.89, 8, 934.27, -592.53, 0.11, 2, 14, 950.66, 123.97, 0.98, 8, 977.51, -750.97, 0.02, 3, 20, 932.28, 841.91, 0, 14, 1029.82, 74.59, 1, 8, 1053.43, -805.19, 0, 2, 20, 920.24, 635.61, 0.08, 14, 1040.36, -131.79, 0.92, 2, 20, 814.61, 533.33, 0.31, 14, 946.53, -244.98, 0.69, 2, 20, 910.85, 444.57, 0.6, 14, 1051.87, -322.71, 0.4, 2, 20, 977.63, 354.5, 0.74, 14, 1128.08, -404.96, 0.26, 2, 20, 999.73, 200.7, 0.91, 14, 1166.84, -555.43, 0.09, 2, 20, 1055.65, 163.27, 0.95, 14, 1226.5, -586.53, 0.05, 2, 20, 1094.72, 54.71, 0.99, 14, 1277.18, -690.18, 0.01, 2, 20, 1089.38, -12.68, 1, 14, 1279.23, -757.75, 0, 1, 20, 1065.92, -96.62, 1, 1, 20, 1025.33, -194.75, 1, 1, 20, 1051.42, -221.57, 1, 1, 20, 1065.77, -310.8, 1, 1, 20, 1061.45, -365.25, 1 ],
				"hull": 40,
				"edges": [ 0, 2, 0, 78, 76, 78, 76, 74, 74, 72, 72, 70, 70, 68, 66, 68, 66, 64, 64, 62, 62, 60, 60, 58, 58, 56, 56, 54, 54, 52, 52, 50, 50, 48, 48, 46, 46, 44, 44, 42, 42, 40, 40, 38, 38, 36, 36, 34, 34, 32, 32, 30, 30, 28, 28, 26, 26, 24, 24, 22, 22, 20, 20, 18, 18, 16, 16, 14, 14, 12, 12, 10, 10, 8, 8, 6, 2, 4, 6, 4 ],
				"width": 3983,
				"height": 1468
			}
		}
	}
}
}