{
"skeleton": {
	"hash": "yNS2qwNdMZA",
	"spine": "3.7-from-3.8-from-4.0-from-4.1.20-beta",
	"x": 181.61,
	"y": 689.22,
	"width": 624.8,
	"height": 512.28,
	"images": "L:/.shortcut-targets-by-id/1W1y-PYkw_bxhyevZFE_WU70jKIcX38Et/Share.hp/!Картины в работе/fox_and_fish/animations/images/fish/",
	"audio": "./../images/river/"
},
"bones": [
	{ "name": "root" },
	{
		"name": "fish_main_bone",
		"parent": "root",
		"length": 100.56,
		"rotation": 88.99,
		"x": 185.06,
		"y": 871.75,
		"color": "ff0000ff"
	},
	{ "name": "fish_1_2", "parent": "fish_main_bone", "rotation": -88.99, "x": 133.28, "y": -336.27, "color": "ff3f00ff" },
	{ "name": "fish_1_1", "parent": "fish_main_bone", "length": 111.94, "rotation": -139.26, "x": 321.12, "y": -144.01 },
	{ "name": "fish_1_3", "parent": "fish_main_bone", "length": 101.2, "rotation": 45.11, "x": -34, "y": -489.04 },
	{ "name": "fish_1_tail", "parent": "fish_1_3", "length": 108.66, "rotation": -177.69, "x": -9.17, "y": -2.13 },
	{ "name": "wave_6_2", "parent": "fish_main_bone", "x": 187.91, "y": -439.16, "color": "ff0000ff" },
	{ "name": "wave_6_1", "parent": "fish_main_bone", "x": 181.99, "y": -150.87, "color": "ff0000ff" },
	{ "name": "wave_2_1", "parent": "root", "x": 423.34, "y": 998.49, "color": "ff0000ff" },
	{ "name": "wave_2_2", "parent": "root", "rotation": -178.48, "x": 451.3, "y": 1123.87, "color": "ff0000ff" }
],
"slots": [
	{ "name": "wave_7", "bone": "wave_6_1", "attachment": "wave_7" },
	{ "name": "fish_2_tail", "bone": "fish_1_tail" },
	{ "name": "fish_1_tail", "bone": "fish_1_tail", "attachment": "fish_2_tail" },
	{ "name": "wave_2_2", "bone": "wave_2_2", "attachment": "wave_2" },
	{ "name": "fish_1", "bone": "fish_1_1", "attachment": "fish_3" },
	{ "name": "wave_6", "bone": "wave_6_1", "attachment": "wave_6" },
	{ "name": "wave_2_1", "bone": "wave_2_1", "attachment": "wave_2" }
],
"ik": [
	{
		"name": "fish_1_1_ik",
		"bones": [ "fish_1_1" ],
		"target": "fish_1_2"
	},
	{
		"name": "fish_1_3_ik",
		"order": 1,
		"bones": [ "fish_1_3" ],
		"target": "fish_1_2"
	}
],
"animations": {
	"idle": {
		"slots": {
			"wave_2_1": {
				"color": [
					{ "color": "ffffffff", "time": 0.0 },
					{ "time": 3.3333, "color": "ffffff00" }
				]
			},
			"wave_2_2": {
				"color": [
					{ "color": "ffffffff", "time": 0.0 },
					{ "time": 3.3333, "color": "ffffff00" }
				]
			}
		},
		"bones": {
			"fish_main_bone": {
				"translate": [
					{ "time": 0.0 },
					{ "time": 1.6667, "y": 11.39 },
					{ "time": 3.3333 }
				]
			},
			"fish_1_tail": {
				"shear": [
					{ "x": 14.24, "time": 0.0 },
					{ "time": 1.6667, "x": -10.45 },
					{ "time": 3.3333, "x": 14.24 }
				]
			},
			"fish_1_2": {
				"translate": [
					{ "time": 0.0 },
					{ "time": 1.6667, "x": 1.01, "y": -4.63 },
					{ "time": 3.3333 }
				]
			},
			"fish_1_1": {
				"rotate": [
					{ "angle": 4.93, "time": 0.0 }
				]
			},
			"fish_1_3": {
				"rotate": [
					{ "angle": -2.71, "time": 0.0 }
				],
				"translate": [
					{ "time": 0.0 },
					{ "time": 1.6667, "x": -6.63, "y": 7.32 },
					{ "time": 3.3333 }
				]
			},
			"wave_2_1": {
				"rotate": [
					{ "angle": 1.18, "time": 0.0 }
				],
				"translate": [
					{ "x": 50.73, "y": 26.67, "time": 0.0 },
					{ "time": 3.3333, "x": 39.56, "y": -36.64 }
				],
				"scale": [
					{ "x": 0.559, "time": 0.0, "y": 1.0 },
					{ "time": 3.3333, "x": 0.702, "y": 1.0 }
				]
			},
			"wave_2_2": {
				"rotate": [
					{ "angle": 0.74, "time": 0.0 }
				],
				"translate": [
					{ "x": 36.76, "y": -43.9, "time": 0.0 },
					{ "time": 3.3333, "x": 57.06, "y": 24.09 }
				],
				"scale": [
					{ "x": 0.597, "time": 0.0, "y": 1.0 },
					{ "time": 3.3333, "x": 0.67, "y": 1.0 }
				]
			}
		}
	},
	"idle_offset": {
		"bones": {
			"fish_main_bone": {
				"translate": [
					{ "time": 0.0 },
					{ "time": 1.6667, "y": 11.39 },
					{ "time": 3.3333 }
				]
			},
			"fish_1_2": {
				"translate": [
					{ "time": 0.1333 },
					{ "time": 1.6667, "x": 1.01, "y": -4.63, "curve": "stepped" },
					{ "time": 1.8, "x": 1.01, "y": -4.63 },
					{ "time": 3.3333 }
				]
			},
			"fish_1_1": {
				"rotate": [
					{ "angle": 4.93, "time": 0.0 }
				]
			},
			"fish_1_3": {
				"rotate": [
					{ "angle": -2.71, "time": 0.0 }
				],
				"translate": [
					{ "time": 0.2667 },
					{ "time": 1.6667, "x": -6.63, "y": 7.32, "curve": "stepped" },
					{ "time": 1.9333, "x": -6.63, "y": 7.32 },
					{ "time": 3.3333 }
				]
			},
			"wave_2_1": {
				"rotate": [
					{ "angle": 1.18, "time": 0.0 }
				],
				"translate": [
					{ "x": 50.73, "y": 26.67, "time": 0.0 }
				],
				"scale": [
					{ "x": 0.559, "time": 0.0, "y": 1.0 }
				]
			},
			"wave_2_2": {
				"rotate": [
					{ "angle": 0.74, "time": 0.0 }
				],
				"translate": [
					{ "x": 36.76, "y": -43.9, "time": 0.0 }
				],
				"scale": [
					{ "x": 0.597, "time": 0.0, "y": 1.0 }
				]
			},
			"fish_1_tail": {
				"shear": [
					{ "x": 9.96, "time": 0.0 },
					{ "time": 0.4, "x": 14.24 },
					{ "time": 2.0667, "x": -10.45 },
					{ "time": 3.3333, "x": 9.96 }
				]
			}
		}
	}
},
"skins": {
	"default": {
		"fish_1": {
			"fish_1": {
				"type": "mesh",
				"uvs": [ 0.31374, 0.03562, 0.52208, 0.13134, 0.62574, 0.19927, 0.74411, 0.2981, 0.84149, 0.43323, 0.90463, 0.54894, 0.9624, 0.71177, 1, 0.8837, 1, 1, 0.85846, 1, 0.70627, 0.96204, 0.56185, 0.89344, 0.4322, 0.82688, 0.28304, 0.72007, 0.15039, 0.57918, 0.03648, 0.41522, 0, 0.25932, 0, 0.13977, 0, 0, 0.16845, 0, 0.08097, 0.13193, 0.14885, 0.07274, 0.09312, 0.24457, 0.19653, 0.19105, 0.28327, 0.09664, 0.16704, 0.38686, 0.33115, 0.32261, 0.44283, 0.22232, 0.25507, 0.53564, 0.44299, 0.4267, 0.56523, 0.29836, 0.36376, 0.63148, 0.51536, 0.49418, 0.66229, 0.3692, 0.46388, 0.70419, 0.57375, 0.5685, 0.74481, 0.46356, 0.58565, 0.78883, 0.68215, 0.65817, 0.81138, 0.56191, 0.73259, 0.8682, 0.79548, 0.78065, 0.88672, 0.72194, 0.87488, 0.95713, 0.91392, 0.89779, 0.95575, 0.8767 ],
				"triangles": [ 39, 4, 5, 39, 38, 36, 42, 39, 5, 42, 5, 6, 38, 39, 42, 41, 38, 42, 37, 34, 38, 37, 38, 41, 12, 34, 37, 40, 37, 41, 45, 42, 6, 44, 41, 42, 45, 6, 7, 11, 12, 37, 11, 37, 40, 45, 44, 42, 40, 41, 44, 43, 40, 44, 10, 11, 40, 10, 40, 43, 9, 10, 43, 45, 7, 8, 44, 45, 8, 43, 44, 8, 9, 43, 8, 30, 1, 2, 30, 2, 3, 33, 30, 3, 29, 27, 30, 36, 33, 3, 4, 36, 3, 32, 29, 30, 32, 30, 33, 35, 32, 33, 28, 26, 29, 39, 36, 4, 36, 35, 33, 38, 35, 36, 31, 28, 29, 31, 29, 32, 31, 32, 35, 34, 31, 35, 34, 35, 38, 13, 28, 31, 14, 28, 13, 34, 13, 31, 12, 13, 34, 21, 18, 19, 24, 21, 19, 0, 24, 19, 24, 0, 1, 20, 18, 21, 17, 18, 20, 23, 21, 24, 20, 21, 23, 27, 24, 1, 22, 20, 23, 17, 20, 22, 16, 17, 22, 27, 1, 30, 26, 24, 27, 23, 24, 26, 25, 22, 23, 25, 23, 26, 15, 16, 22, 15, 22, 25, 26, 27, 29, 28, 25, 26, 14, 15, 25, 14, 25, 28 ],
				"vertices": [ 2, 3, 81.69, 78.08, 0.97, 2, -75.99, 187.96, 0.03, 2, 3, 165.35, 107.59, 0.6, 2, 3.81, 149.2, 0.4, 3, 3, 212.82, 116.49, 0.34, 2, 43.51, 121.69, 0.65, 4, 289.05, -113.11, 0.01, 3, 3, 273.16, 120.6, 0.11, 2, 88.85, 81.66, 0.81, 4, 229.05, -120.65, 0.08, 3, 3, 338.3, 108.65, 0.01, 2, 126.14, 26.93, 0.62, 4, 163.33, -112.43, 0.37, 2, 2, 150.33, -19.93, 0.3, 4, 112.18, -99.58, 0.7, 2, 2, 172.45, -85.88, 0.02, 4, 48.09, -72.57, 0.98, 1, 4, -13.67, -37.33, 1, 1, 4, -49, -6.18, 1, 1, 4, -13.15, 34.48, 1, 2, 2, 74.35, -187.23, 0.01, 4, 36.93, 68.04, 0.99, 3, 3, 395.58, -98.54, 0, 2, 19.04, -159.45, 0.2, 4, 94.35, 91.16, 0.8, 3, 3, 341.5, -114.91, 0.02, 2, -30.62, -132.49, 0.52, 4, 147.4, 110.58, 0.47, 3, 3, 270.58, -125.13, 0.15, 2, -87.74, -89.24, 0.72, 4, 217.63, 124.83, 0.13, 3, 3, 194.28, -121.16, 0.48, 2, -138.55, -32.18, 0.51, 4, 294.03, 125.2, 0.01, 2, 3, 116.39, -105.51, 0.84, 2, -182.17, 34.23, 0.16, 2, 3, 61.66, -71.07, 0.99, 2, -196.15, 97.37, 0.01, 1, 3, 27.22, -37.03, 1, 2, 3, -13.04, 2.76, 1, 2, -196.15, 202.39, 0, 1, 3, 32.31, 48.65, 1, 1, 3, 46.76, -12.74, 1, 1, 3, 47.98, 22.6, 1, 2, 3, 82.48, -41.5, 0.99, 2, -160.48, 103.34, 0.01, 1, 3, 94.9, 1.91, 1, 2, 3, 91.06, 52.41, 0.98, 2, -87.65, 163.25, 0.02, 2, 3, 143.37, -61.87, 0.8, 2, -132.17, 45.71, 0.2, 2, 3, 169.04, 1.13, 0.71, 2, -69.32, 71.74, 0.29, 2, 3, 170.22, 60.1, 0.64, 2, -26.55, 112.35, 0.36, 3, 3, 209.92, -80.25, 0.41, 2, -98.46, -14.54, 0.58, 4, 280.74, 83.47, 0.01, 2, 3, 229.14, 1.95, 0.25, 2, -26.48, 29.58, 0.75, 3, 3, 225.07, 71.79, 0.29, 2, 20.33, 81.56, 0.7, 4, 274.28, -69.19, 0.01, 3, 3, 266.79, -77.93, 0.14, 2, -56.83, -53.36, 0.76, 4, 224.1, 77.91, 0.1, 2, 3, 268.06, 2.46, 0.03, 2, 1.24, 2.25, 0.97, 3, 3, 271.61, 78.07, 0.1, 2, 57.51, 52.87, 0.83, 4, 228.17, -78.1, 0.07, 3, 3, 314.69, -71.35, 0.03, 2, -18.48, -82.81, 0.65, 4, 176.65, 68.62, 0.32, 3, 3, 305.19, -2.79, 0, 2, 23.6, -27.85, 0.83, 4, 190.05, 0.71, 0.17, 3, 3, 321.01, 73.68, 0.01, 2, 89.11, 14.65, 0.69, 4, 178.6, -76.54, 0.3, 3, 3, 371.86, -62.28, 0, 2, 28.16, -117.09, 0.27, 4, 120.1, 56.31, 0.73, 2, 2, 65.11, -64.17, 0.32, 4, 135.35, -6.41, 0.68, 2, 2, 114.61, -25.18, 0.37, 4, 131.86, -69.32, 0.63, 2, 2, 84.43, -149.23, 0.01, 4, 58.77, 35.35, 0.99, 1, 4, 69.44, -6.17, 1, 2, 2, 143.47, -90, 0.02, 4, 64.16, -48.1, 0.98, 1, 4, -4.29, 18.28, 1, 1, 4, 3.85, -8.82, 1, 1, 4, -0.33, -26.49, 1 ],
				"hull": 20,
				"edges": [ 36, 38, 38, 0, 0, 2, 2, 4, 4, 6, 6, 8, 8, 10, 10, 12, 16, 14, 12, 14, 16, 18, 18, 20, 34, 36, 32, 34, 26, 28, 28, 30, 30, 32, 26, 24, 24, 22, 22, 20 ],
				"width": 383,
				"height": 405
			},
			"fish_2": { "type": "linkedmesh", "parent": "fish_1", "width": 383, "height": 405 },
			"fish_3": { "type": "linkedmesh", "parent": "fish_1", "width": 383, "height": 405 }
		},
		"fish_1_tail": {
			"fish_1_tail": { "x": 93.9, "y": -7.44, "rotation": 46.29, "width": 148, "height": 163 },
			"fish_2_tail": { "x": 75.5, "y": 1.58, "rotation": 46.29, "width": 144, "height": 162 }
		},
		"wave_2_1": {
			"wave_2": { "x": 12.77, "y": 11.78, "width": 509, "height": 42 }
		},
		"wave_2_2": {
			"wave_2": { "x": 12.77, "y": 11.78, "width": 509, "height": 42 }
		},
		"wave_6": {
			"wave_6": {
				"type": "mesh",
				"uvs": [ 1, 1, 0, 1, 0, 0, 1, 0 ],
				"triangles": [ 1, 2, 3, 1, 3, 0 ],
				"vertices": [ 2, 6, -38.54, -9.53, 1, 7, -23.33, -403.11, 0, 2, 6, -45.68, 397.41, 0, 7, -30.47, 3.83, 1, 2, 6, -3.69, 398.15, 0, 7, 11.52, 4.56, 1, 1, 6, 3.45, -8.79, 1 ],
				"hull": 4,
				"edges": [ 0, 2, 2, 4, 4, 6, 0, 6 ],
				"width": 407,
				"height": 42
			}
		},
		"wave_7": {
			"wave_7": {
				"type": "mesh",
				"uvs": [ 1, 1, 0, 1, 0, 0, 1, 0 ],
				"triangles": [ 1, 3, 0, 1, 2, 3 ],
				"vertices": [ 1, 6, -11.84, -10.65, 1, 1, 7, -3.84, 6.7, 1, 2, 7, 38.16, 7.44, 1, 6, 22.94, 401.02, 0, 2, 7, 45.36, -403.5, 0, 6, 30.15, -9.92, 1 ],
				"hull": 4,
				"edges": [ 0, 2, 2, 4, 4, 6, 0, 6 ],
				"width": 411,
				"height": 42
			}
		}
	}
}
}