{
"skeleton": {
	"hash": "PCU+1CBHCwc",
	"spine": "3.7-from-3.8-from-4.0-from-4.1.20-beta",
	"x": 788.15,
	"y": -0.02,
	"width": 1416.77,
	"height": 660.43,
	"images": "../images/bush_2/",
	"audio": ""
},
"bones": [
	{ "name": "root" },
	{ "name": "bush_5_1", "parent": "root", "length": 166.19, "rotation": 154.34, "x": 2297.38, "y": -47.3 },
	{ "name": "bush_5_2", "parent": "bush_5_1", "length": 205.43, "rotation": -8.48, "x": 711.8, "y": 22.3 },
	{
		"name": "branch_30_1",
		"parent": "root",
		"length": 55.7,
		"rotation": 107.76,
		"x": 1463.2,
		"y": 440.34,
		"transform": "noRotationOrReflection"
	},
	{
		"name": "branch_31_1",
		"parent": "root",
		"length": 55.31,
		"rotation": 83.1,
		"x": 1482.2,
		"y": 446.47,
		"transform": "noRotationOrReflection"
	},
	{
		"name": "branch_32_1",
		"parent": "root",
		"length": 43.95,
		"rotation": 108.42,
		"x": 1820.88,
		"y": 366.31,
		"transform": "noRotationOrReflection"
	},
	{
		"name": "branch_33_1",
		"parent": "root",
		"length": 72.11,
		"rotation": 91.22,
		"x": 1835.05,
		"y": 393.02,
		"transform": "noRotationOrReflection"
	},
	{
		"name": "branch_30_2",
		"parent": "branch_30_1",
		"length": 47.28,
		"rotation": 115,
		"x": 55.38,
		"y": 0.05,
		"transform": "noRotationOrReflection"
	},
	{ "name": "branch_30_3", "parent": "branch_30_2", "length": 67.95, "rotation": 122.64, "x": 47.28, "transform": "noRotationOrReflection" },
	{
		"name": "branch_31_2",
		"parent": "branch_31_1",
		"length": 45.58,
		"rotation": 84.82,
		"x": 54.76,
		"y": 0.09,
		"transform": "noRotationOrReflection"
	},
	{ "name": "branch_31_3", "parent": "branch_31_2", "length": 49.54, "rotation": 78.82, "x": 45.58, "transform": "noRotationOrReflection" },
	{
		"name": "branch_32_2",
		"parent": "branch_32_1",
		"length": 40.29,
		"rotation": 119.78,
		"x": 43.9,
		"y": -0.07,
		"transform": "noRotationOrReflection"
	},
	{ "name": "branch_32_3", "parent": "branch_32_2", "length": 33.86, "rotation": 129.85, "x": 40.29, "transform": "noRotationOrReflection" },
	{ "name": "branch_32_4", "parent": "branch_32_3", "length": 31.66, "rotation": 141.23, "x": 33.86, "transform": "noRotationOrReflection" },
	{
		"name": "branch_33_2",
		"parent": "branch_33_1",
		"length": 60.48,
		"rotation": 100.91,
		"x": 71.79,
		"y": 0.4,
		"transform": "noRotationOrReflection"
	},
	{ "name": "branch_33_3", "parent": "branch_33_2", "length": 52.75, "rotation": 106.11, "x": 60.48, "transform": "noRotationOrReflection" },
	{
		"name": "branch_33_4",
		"parent": "branch_33_3",
		"length": 83.95,
		"rotation": 112.59,
		"x": 52.71,
		"y": 0.86,
		"transform": "noRotationOrReflection"
	},
	{
		"name": "branch_34_1",
		"parent": "root",
		"length": 59.95,
		"rotation": 99.81,
		"x": 1875.92,
		"y": 420.62,
		"transform": "noRotationOrReflection"
	},
	{
		"name": "branch_34_2",
		"parent": "branch_34_1",
		"length": 58.02,
		"rotation": 93.89,
		"x": 59.77,
		"y": 0.04,
		"transform": "noRotationOrReflection"
	},
	{ "name": "branch_34_3", "parent": "branch_34_2", "length": 54.98, "rotation": 88.54, "x": 58.02, "transform": "noRotationOrReflection" }
],
"slots": [
	{ "name": "crop", "bone": "root", "attachment": "crop" },
	{ "name": "branch_30", "bone": "branch_30_1", "attachment": "branch_30" },
	{ "name": "branch_31", "bone": "branch_31_1", "attachment": "branch_31" },
	{ "name": "branch_32", "bone": "branch_32_1", "attachment": "branch_32" },
	{ "name": "branch_33", "bone": "branch_33_1", "attachment": "branch_33" },
	{ "name": "bush_5", "bone": "bush_5_1", "attachment": "bush_5" },
	{ "name": "branch_34", "bone": "branch_34_1", "attachment": "branch_34" }
],
"animations": {
	"idle": {
		"bones": {
			"bush_5_2": {
				"rotate": [
					{ "time": 0.0, "angle": 0.0 },
					{ "time": 1.6667, "angle": 4.11 },
					{ "time": 3.3333, "angle": 0.0 }
				],
				"translate": [
					{ "time": 0.0 },
					{ "time": 1.6667, "x": 47.62, "y": 11.11 },
					{ "time": 3.3333 }
				]
			},
			"branch_30_1": {
				"rotate": [
					{ "time": 0.0, "angle": 0.0 },
					{ "time": 1.6667, "angle": 5.53 },
					{ "time": 3.3333, "angle": 0.0 }
				]
			},
			"branch_31_1": {
				"rotate": [
					{ "time": 0.0, "angle": 0.0 },
					{ "time": 1.6667, "angle": 6.21 },
					{ "time": 3.3333, "angle": 0.0 }
				]
			},
			"branch_32_1": {
				"rotate": [
					{ "time": 0.0, "angle": 0.0 },
					{ "time": 1.6667, "angle": 4.47 },
					{ "time": 3.3333, "angle": 0.0 }
				]
			},
			"branch_33_1": {
				"rotate": [
					{ "time": 0.0, "angle": 0.0 },
					{ "time": 1.6667, "angle": 4.29 },
					{ "time": 3.3333, "angle": 0.0 }
				]
			},
			"branch_30_2": {
				"rotate": [
					{ "time": 0.0, "angle": 0.0 },
					{ "time": 1.6667, "angle": 10.93 },
					{ "time": 3.3333, "angle": 0.0 }
				]
			},
			"branch_30_3": {
				"rotate": [
					{ "time": 0.0, "angle": 0.0 },
					{ "time": 1.6667, "angle": 15.42 },
					{ "time": 3.3333, "angle": 0.0 }
				]
			},
			"branch_31_2": {
				"rotate": [
					{ "time": 0.0, "angle": 0.0 },
					{ "time": 1.6667, "angle": 12.2 },
					{ "time": 3.3333, "angle": 0.0 }
				]
			},
			"branch_31_3": {
				"rotate": [
					{ "time": 0.0, "angle": 0.0 },
					{ "time": 1.6667, "angle": 29.21 },
					{ "time": 3.3333, "angle": 0.0 }
				]
			},
			"branch_32_2": {
				"rotate": [
					{ "time": 0.0, "angle": 0.0 },
					{ "time": 1.6667, "angle": 11.75 },
					{ "time": 3.3333, "angle": 0.0 }
				]
			},
			"branch_32_4": {
				"rotate": [
					{ "time": 0.0, "angle": 0.0 },
					{ "time": 1.6667, "angle": 15.43 },
					{ "time": 3.3333, "angle": 0.0 }
				]
			},
			"branch_33_2": {
				"rotate": [
					{ "time": 0.0, "angle": 0.0 },
					{ "time": 1.6667, "angle": 6.81 },
					{ "time": 3.3333, "angle": 0.0 }
				]
			},
			"branch_33_3": {
				"rotate": [
					{ "time": 0.0, "angle": 0.0 },
					{ "time": 1.6667, "angle": 14.25 },
					{ "time": 3.3333, "angle": 0.0 }
				]
			},
			"branch_33_4": {
				"rotate": [
					{ "time": 0.0, "angle": 0.0 },
					{ "time": 1.6667, "angle": 28.45 },
					{ "time": 3.3333, "angle": 0.0 }
				]
			},
			"branch_34_1": {
				"rotate": [
					{ "time": 0.0, "angle": 0.0 },
					{ "time": 1.6667, "angle": 3.34 },
					{ "time": 3.3333, "angle": 0.0 }
				]
			},
			"branch_34_2": {
				"rotate": [
					{ "time": 0.0, "angle": 0.0 },
					{ "time": 1.6667, "angle": 7.42 },
					{ "time": 3.3333, "angle": 0.0 }
				]
			},
			"branch_34_3": {
				"rotate": [
					{ "time": 0.0, "angle": 0.0 },
					{ "time": 1.6667, "angle": 15.32 },
					{ "time": 3.3333, "angle": 0.0 }
				]
			}
		}
	},
	"idle_offset": {
		"bones": {
			"bush_5_2": {
				"rotate": [
					{ "time": 0.0, "angle": 0.0 },
					{ "time": 1.6667, "angle": 4.11 },
					{ "time": 3.3333, "angle": 0.0 }
				],
				"translate": [
					{ "time": 0.0 },
					{ "time": 1.6667, "x": 47.62, "y": 11.11 },
					{ "time": 3.3333 }
				]
			},
			"branch_30_1": {
				"rotate": [
					{ "angle": 3.32, "time": 0.0 },
					{ "time": 1, "angle": 0.0 },
					{ "time": 2.6667, "angle": 5.53 },
					{ "time": 3.3333, "angle": 3.32 }
				]
			},
			"branch_31_1": {
				"rotate": [
					{ "angle": 2.98, "time": 0.0 },
					{ "time": 0.8, "angle": 0.0 },
					{ "time": 2.4667, "angle": 6.21 },
					{ "time": 3.3333, "angle": 2.98 }
				]
			},
			"branch_32_1": {
				"rotate": [
					{ "angle": 1.43, "time": 0.0 },
					{ "time": 0.5333, "angle": 0.0 },
					{ "time": 2.2, "angle": 4.47 },
					{ "time": 3.3333, "angle": 1.43 }
				]
			},
			"branch_33_1": {
				"rotate": [
					{ "angle": 0.69, "time": 0.0 },
					{ "time": 0.2667, "angle": 0.0 },
					{ "time": 1.9333, "angle": 4.29 },
					{ "time": 3.3333, "angle": 0.69 }
				]
			},
			"branch_30_2": {
				"rotate": [
					{ "angle": 7, "time": 0.0 },
					{ "time": 1.0667, "angle": 0.0 },
					{ "time": 2.7333, "angle": 10.93 },
					{ "time": 3.3333, "angle": 7 }
				]
			},
			"branch_30_3": {
				"rotate": [
					{ "angle": 10.49, "time": 0.0 },
					{ "time": 1.1333, "angle": 0.0 },
					{ "time": 2.8, "angle": 15.42 },
					{ "time": 3.3333, "angle": 10.49 }
				]
			},
			"branch_31_2": {
				"rotate": [
					{ "angle": 6.35, "time": 0.0 },
					{ "time": 0.8667, "angle": 0.0 },
					{ "time": 2.5333, "angle": 12.2 },
					{ "time": 3.3333, "angle": 6.35 }
				]
			},
			"branch_31_3": {
				"rotate": [
					{ "angle": 16.36, "time": 0.0 },
					{ "time": 0.9333, "angle": 0.0 },
					{ "time": 2.6, "angle": 29.21 },
					{ "time": 3.3333, "angle": 16.36 }
				]
			},
			"branch_32_2": {
				"rotate": [
					{ "angle": 4.23, "time": 0.0 },
					{ "time": 0.6, "angle": 0.0 },
					{ "time": 2.2667, "angle": 11.75 },
					{ "time": 3.3333, "angle": 4.23 }
				]
			},
			"branch_32_4": {
				"rotate": [
					{ "angle": 6.79, "time": 0.0 },
					{ "time": 0.7333, "angle": 0.0 },
					{ "time": 2.4, "angle": 15.43 },
					{ "time": 3.3333, "angle": 6.79 }
				]
			},
			"branch_33_2": {
				"rotate": [
					{ "angle": 1.36, "time": 0.0 },
					{ "time": 0.3333, "angle": 0.0 },
					{ "time": 2, "angle": 6.81 },
					{ "time": 3.3333, "angle": 1.36 }
				]
			},
			"branch_33_3": {
				"rotate": [
					{ "angle": 3.42, "time": 0.0 },
					{ "time": 0.4, "angle": 0.0 },
					{ "time": 2.0667, "angle": 14.25 },
					{ "time": 3.3333, "angle": 3.42 }
				]
			},
			"branch_33_4": {
				"rotate": [
					{ "angle": 7.97, "time": 0.0 },
					{ "time": 0.4667, "angle": 0.0 },
					{ "time": 2.1333, "angle": 28.45 },
					{ "time": 3.3333, "angle": 7.97 }
				]
			},
			"branch_34_1": {
				"rotate": [
					{ "angle": 0.13, "time": 0.0 },
					{ "time": 0.0667, "angle": 0.0 },
					{ "time": 1.7333, "angle": 3.34 },
					{ "time": 3.3333, "angle": 0.13 }
				]
			},
			"branch_34_2": {
				"rotate": [
					{ "angle": 0.59, "time": 0.0 },
					{ "time": 0.1333, "angle": 0.0 },
					{ "time": 1.8, "angle": 7.42 },
					{ "time": 3.3333, "angle": 0.59 }
				]
			},
			"branch_34_3": {
				"rotate": [
					{ "angle": 0.9, "time": 0.0 },
					{ "time": 0.2, "angle": 0.0 },
					{ "time": 1.8667, "angle": 15.32 },
					{ "time": 3.3333, "angle": 0.9 }
				]
			}
		}
	}
},
"skins": {
	"default": {
		"branch_30": {
			"branch_30": {
				"type": "mesh",
				"uvs": [ 0.42138, 0.09452, 0.54929, 0.1815, 0.73498, 0.35589, 0.88281, 0.54073, 1, 0.70962, 1, 1, 0.82898, 1, 0.46077, 0.69263, 0.25855, 0.49679, 0.11266, 0.31617, 0.0484, 0.20054, 0, 0.08143, 0, 0, 0.15936, 0 ],
				"triangles": [ 2, 9, 1, 2, 8, 9, 9, 0, 1, 9, 10, 0, 10, 13, 0, 10, 11, 13, 11, 12, 13, 7, 3, 4, 7, 8, 3, 8, 2, 3, 6, 4, 5, 6, 7, 4 ],
				"vertices": [ 1, 8, 48.5, -21.02, 1, 2, 7, 79.68, -19.18, 0, 8, 29.56, -23.32, 1, 3, 3, 102.06, -20.16, 0, 7, 45.51, -22.71, 0.71, 8, -4.77, -22.28, 0.28, 2, 3, 67.83, -21.54, 0.39, 7, 11.27, -22.24, 0.61, 1, 3, 37.2, -21.23, 1, 1, 3, -8.34, -2.93, 1, 1, 3, -2.28, 12.15, 1, 2, 3, 58.97, 25.23, 0.1, 7, 4.95, 24.95, 0.9, 2, 7, 43.06, 28.37, 0.66, 8, -0.41, 28.68, 0.34, 2, 7, 76.58, 28.03, 0.01, 8, 32.77, 23.89, 0.99, 1, 8, 52.52, 18.49, 1, 1, 8, 71.95, 11.5, 1, 1, 8, 83.54, 4.08, 1, 1, 8, 75.37, -8.67, 1 ],
				"hull": 14,
				"edges": [ 10, 8, 8, 6, 6, 4, 4, 2, 2, 0, 24, 26, 0, 26, 10, 12, 12, 14, 14, 16, 16, 18, 18, 20, 22, 24, 20, 22 ],
				"width": 95,
				"height": 169
			}
		},
		"branch_31": {
			"branch_31": {
				"type": "mesh",
				"uvs": [ 1, 0.16206, 1, 0.37349, 1, 0.58644, 1, 0.73352, 0.70217, 1, 0.28545, 1, 0, 0.70143, 0, 0.55258, 0.11364, 0.35008, 0.34069, 0.14239, 0.63523, 0, 1, 0 ],
				"triangles": [ 9, 0, 1, 9, 10, 0, 10, 11, 0, 6, 7, 2, 2, 7, 1, 7, 8, 1, 8, 9, 1, 4, 5, 3, 5, 6, 3, 6, 2, 3 ],
				"vertices": [ 1, 10, 28.08, -10.19, 1, 3, 4, 93.64, -17.6, 0.01, 9, 39.59, -16.04, 0.79, 10, -4.28, -16.58, 0.2, 2, 4, 60.46, -19.21, 0.73, 9, 6.51, -19.04, 0.27, 1, 4, 37.54, -20.32, 1, 1, 4, -4.61, -9.24, 1, 1, 4, -5.5, 9.08, 1, 2, 4, 40.42, 23.87, 0.51, 9, -15.33, 23.16, 0.49, 2, 4, 63.61, 25, 0.01, 9, 7.8, 25.26, 0.99, 2, 9, 39.71, 23.13, 0.79, 10, -8.25, 22.39, 0.21, 1, 10, 25.47, 18.87, 1, 1, 10, 49.77, 10.46, 1, 1, 10, 52.88, -5.28, 1 ],
				"hull": 12,
				"edges": [ 10, 12, 12, 14, 14, 16, 16, 18, 20, 22, 18, 20, 8, 10, 8, 6, 6, 4, 4, 2, 2, 0, 0, 22 ],
				"width": 44,
				"height": 156
			}
		},
		"branch_32": {
			"branch_32": {
				"type": "mesh",
				"uvs": [ 0.54532, 0.10156, 0.91272, 0.41465, 1, 0.65072, 1, 1, 0.85956, 1, 0.54872, 0.81909, 0.35032, 0.59739, 0.0825, 0.22799, 0, 0.08896, 0, 0, 0.2719, 1.0E-5 ],
				"triangles": [ 8, 9, 10, 7, 8, 10, 0, 7, 10, 6, 7, 0, 6, 0, 1, 6, 1, 2, 5, 6, 2, 4, 5, 2, 4, 2, 3 ],
				"vertices": [ 3, 11, 71.54, -18.6, 0.01, 12, 27.51, -23.78, 0.81, 13, -10.91, -22.06, 0.17, 2, 11, 18.33, -28.37, 0.99, 12, -26.58, -24.1, 0.01, 2, 5, 33.69, -21.61, 0.55, 11, -12.83, -20.09, 0.45, 1, 5, -8.89, -3.93, 1, 1, 5, -3.77, 8.39, 1, 2, 5, 29.61, 26.51, 0.81, 11, -10.83, 28.16, 0.19, 3, 5, 63.87, 32.69, 0.04, 11, 23.93, 29.98, 0.87, 12, -10.87, 32.38, 0.09, 3, 11, 78.89, 27.85, 0, 12, 42.87, 20.67, 0.14, 13, 12.92, 18.48, 0.86, 1, 13, 30.52, 9.08, 1, 1, 13, 37.88, -0.07, 1, 2, 12, 54.45, -12.43, 0.01, 13, 17.73, -16.25, 0.99 ],
				"hull": 11,
				"edges": [ 6, 8, 8, 10, 10, 12, 12, 14, 16, 18, 14, 16, 6, 4, 4, 2, 2, 0, 18, 20, 0, 20 ],
				"width": 95,
				"height": 132
			}
		},
		"branch_33": {
			"branch_33": {
				"type": "mesh",
				"uvs": [ 0.48247, 0.09922, 0.74859, 0.32638, 1, 0.60176, 1, 0.7891, 1, 1, 0.7778, 1, 0.5346, 0.82538, 0.37724, 0.6073, 0.22703, 0.3732, 0.06251, 0.15145, 0, 0.06269, 0, 0, 0.17924, 1.0E-5 ],
				"triangles": [ 10, 11, 12, 10, 12, 0, 9, 10, 0, 9, 0, 1, 8, 9, 1, 7, 8, 1, 2, 7, 1, 7, 2, 3, 6, 7, 3, 5, 6, 3, 5, 3, 4 ],
				"vertices": [ 2, 15, 109.02, -15.56, 0, 16, 54.09, -22.67, 1, 1, 15, 42.94, -20.02, 1, 2, 6, 100.8, -19.63, 0.15, 14, 26.93, -22.75, 0.85, 1, 6, 49.69, -14.85, 1, 1, 6, -7.84, -9.46, 1, 1, 6, -6.08, 9.34, 1, 2, 6, 43.48, 25.47, 0.75, 14, -25.75, 27.69, 0.25, 2, 14, 35.46, 29.51, 0.96, 15, -22.25, 31.66, 0.04, 2, 15, 42.92, 26.13, 0.3, 16, -6.88, 26.22, 0.7, 1, 16, 54.59, 15.79, 1, 1, 16, 79.09, 11.35, 1, 1, 16, 94.95, 4.75, 1, 1, 16, 89.09, -9.31, 1 ],
				"hull": 13,
				"edges": [ 8, 10, 10, 12, 12, 14, 14, 16, 16, 18, 20, 22, 18, 20, 8, 6, 6, 4, 4, 2, 2, 0, 22, 24, 0, 24 ],
				"width": 85,
				"height": 274
			}
		},
		"branch_34": {
			"branch_34": {
				"type": "mesh",
				"uvs": [ 0.6355, 0.13083, 0.76983, 0.33169, 0.91268, 0.5908, 0.99999, 0.75721, 0.82136, 0.84068, 0.91729, 1, 0.52899, 1, 0.2686, 0.76558, 0, 0.70815, 0, 0.58437, 0, 0.33974, 0, 0.15357, 0.19673, 0, 0.53253, 0 ],
				"triangles": [ 11, 1, 10, 12, 13, 0, 0, 11, 12, 1, 11, 0, 9, 10, 1, 9, 1, 2, 8, 9, 2, 7, 8, 2, 3, 7, 2, 4, 7, 3, 6, 7, 4, 6, 4, 5 ],
				"vertices": [ 1, 19, 34.94, -11.57, 1, 2, 18, 54.85, -18.2, 0.67, 19, -1.45, -18.41, 0.33, 2, 17, 64.91, -21.87, 0.31, 18, 7.38, -21.27, 0.69, 1, 17, 34.41, -20.5, 1, 1, 17, 20.79, -10.16, 1, 1, 17, -8.51, -9.38, 1, 1, 17, -5.59, 7.45, 1, 2, 17, 38.4, 11.47, 1, 18, -22.44, 9.16, 0, 2, 17, 50.71, 21.34, 0.84, 18, -11.21, 20.24, 0.16, 2, 17, 72.91, 17.5, 0.09, 18, 11.27, 18.72, 0.91, 2, 18, 55.69, 15.7, 0.73, 19, -3.79, 15.41, 0.27, 1, 19, 30.09, 16.28, 1, 1, 19, 58.25, 8.34, 1, 1, 19, 58.63, -6.43, 1 ],
				"hull": 14,
				"edges": [ 6, 4, 4, 2, 2, 0, 0, 26, 18, 20, 20, 22, 24, 26, 22, 24, 16, 18, 16, 14, 14, 12, 10, 12, 10, 8, 8, 6 ],
				"width": 44,
				"height": 182
			}
		},
		"bush_5": {
			"bush_5": {
				"type": "mesh",
				"uvs": [ 1, 0.05605, 1, 1, 0, 1, 0, 0.95445, 0.02108, 0.81218, 0.05621, 0.72797, 0.09389, 0.68146, 0.09611, 0.58568, 0.1483, 0.38737, 0.23893, 0.27529, 0.30357, 0.32012, 0.33103, 0.24425, 0.40724, 0.1494, 0.50062, 0.12871, 0.59468, 0.18389, 0.63955, 0.29908, 0.64984, 0.35986, 0.66118, 0.30738, 0.6855, 0.23102, 0.71857, 0.18008, 0.76121, 0.13957, 0.78127, 0.13894, 0.80398, 0.15383, 0.81594, 0.12381, 0.83426, 0.08106, 0.85982, 0.03819, 0.89921, 0, 0.96517, 0 ],
				"triangles": [ 19, 22, 17, 5, 6, 2, 2, 4, 5, 16, 2, 6, 6, 10, 16, 10, 7, 8, 8, 9, 10, 6, 7, 10, 16, 10, 12, 10, 11, 12, 12, 13, 16, 13, 14, 16, 14, 15, 16, 22, 16, 17, 19, 17, 18, 2, 3, 4, 16, 1, 2, 1, 16, 22, 1, 22, 0, 22, 19, 20, 20, 21, 22, 0, 22, 23, 0, 23, 24, 0, 24, 25, 0, 25, 26, 26, 27, 0 ],
				"vertices": [ 2, 1, 242.61, -513.97, 0.69, 2, -385, -599.58, 0.31, 1, 1, -5.08, 1.66, 1, 1, 2, 553.77, 727.98, 1, 1, 2, 569.26, 705.14, 1, 1, 2, 591.08, 615.77, 1, 1, 2, 575.46, 543.53, 1, 1, 2, 543.82, 488.02, 1, 1, 2, 573.58, 438.08, 1, 1, 2, 575.28, 294.04, 1, 1, 2, 499.22, 160.41, 1, 1, 2, 402.54, 127.69, 1, 1, 2, 393.75, 66.18, 1, 1, 2, 329.99, -46.49, 1, 1, 2, 219.39, -136.62, 1, 2, 1, 765.13, -177.02, 0.01, 2, 82.13, -189.28, 0.99, 1, 2, -13.57, -169.82, 1, 2, 1, 643.28, -117.25, 0.08, 2, -47.2, -148.13, 0.92, 2, 1, 641.5, -153.39, 0.21, 2, -43.63, -184.13, 0.79, 2, 1, 628.17, -211.12, 0.31, 2, -48.31, -243.2, 0.69, 2, 1, 596.17, -260.74, 0.42, 2, -72.64, -297, 0.58, 2, 1, 548.29, -310.97, 0.48, 2, -112.59, -353.74, 0.52, 2, 1, 520.94, -324.54, 0.55, 2, -137.64, -371.19, 0.45, 2, 1, 485.88, -331.37, 0.61, 2, -171.31, -383.11, 0.39, 2, 1, 477.35, -355.65, 0.63, 2, -176.17, -408.38, 0.37, 2, 1, 463.44, -391.08, 0.66, 2, -184.71, -445.48, 0.34, 2, 1, 439.62, -431.34, 0.67, 2, -202.33, -488.81, 0.33, 2, 1, 395.6, -478.16, 0.73, 2, -238.97, -541.61, 0.27, 2, 1, 305.1, -521.63, 0.68, 2, -322.07, -597.94, 0.32 ],
				"hull": 28,
				"edges": [ 2, 4, 2, 0, 0, 54, 52, 54, 52, 50, 50, 48, 48, 46, 46, 44, 44, 42, 42, 40, 40, 38, 38, 36, 36, 34, 34, 32, 32, 30, 30, 28, 28, 26, 26, 24, 24, 22, 22, 20, 20, 18, 18, 16, 16, 14, 14, 12, 12, 10, 10, 8, 4, 6, 8, 6 ],
				"width": 1522,
				"height": 606
			}
		},
		"crop": {
			"crop": {
				"type": "clipping",
				"end": "crop",
				"vertexCount": 4,
				"vertices": [ 2204.92, -0.02, 2204.45, 684.21, 643.24, 709.08, 640.85, 0.6 ],
				"color": "ce3a3aff"
			}
		}
	}
}
}