{
"skeleton": {
	"hash": "TasVJ76iDQQ",
	"spine": "3.7-from-3.8-from-4.0-from-4.1.20-beta",
	"x": -1892.23,
	"y": 0.82,
	"width": 869.45,
	"height": 698.45,
	"images": "L:/.shortcut-targets-by-id/1W1y-PYkw_bxhyevZFE_WU70jKIcX38Et/Share.hp/!Картины в работе/fox_and_fish/animations/images/bush_1/",
	"audio": "../images/vegetation_1/"
},
"bones": [
	{ "name": "root" },
	{
		"name": "bush_4_1",
		"parent": "root",
		"length": 228.66,
		"rotation": 42.75,
		"x": -1884.97,
		"y": -16.5,
		"transform": "onlyTranslation"
	},
	{
		"name": "bush_4_2",
		"parent": "bush_4_1",
		"length": 133.83,
		"rotation": 43.65,
		"x": 552.31,
		"y": 5.17,
		"transform": "onlyTranslation"
	},
	{
		"name": "branch_28_1",
		"parent": "root",
		"length": 64.58,
		"rotation": 72.19,
		"x": -1215.2,
		"y": 249.03,
		"transform": "noRotationOrReflection"
	},
	{
		"name": "branch_29_1",
		"parent": "root",
		"length": 71.21,
		"rotation": 61.41,
		"x": -1173.67,
		"y": 206.05,
		"transform": "noRotationOrReflection"
	},
	{
		"name": "branch_28_2",
		"parent": "branch_28_1",
		"length": 53,
		"rotation": 74.05,
		"x": 64.13,
		"y": 0.41,
		"transform": "noRotationOrReflection"
	},
	{ "name": "branch_28_3", "parent": "branch_28_2", "length": 71.68, "rotation": 85.27, "x": 53, "transform": "noRotationOrReflection" },
	{
		"name": "branch_29_2",
		"parent": "branch_29_1",
		"length": 60.96,
		"rotation": 56.53,
		"x": 70.6,
		"y": -0.17,
		"transform": "noRotationOrReflection"
	},
	{ "name": "branch_29_3", "parent": "branch_29_2", "length": 75.77, "rotation": 53.33, "x": 60.96, "transform": "noRotationOrReflection" }
],
"slots": [
	{ "name": "crop", "bone": "root", "attachment": "crop" },
	{ "name": "branch_28", "bone": "branch_28_1", "attachment": "branch_28" },
	{ "name": "branch_29", "bone": "branch_29_1", "attachment": "branch_29" },
	{ "name": "bush_4", "bone": "bush_4_1", "attachment": "bush_4" }
],
"animations": {
	"idle": {
		"bones": {
			"bush_4_2": {
				"rotate": [
					{ "time": 0.0, "angle": 0.0 },
					{ "time": 1.6667, "angle": 2.39 },
					{ "time": 3.3333, "angle": 0.0 }
				],
				"translate": [
					{ "time": 0.0 },
					{ "time": 1.6667, "x": -10.31, "y": 28.18 },
					{ "time": 3.3333 }
				]
			},
			"branch_28_1": {
				"rotate": [
					{ "time": 0.0, "angle": 0.0 },
					{ "time": 1.6667, "angle": 8.13 },
					{ "time": 3.3333, "angle": 0.0 }
				]
			},
			"branch_29_1": {
				"rotate": [
					{ "time": 0.0, "angle": 0.0 },
					{ "time": 1.6667, "angle": 11.91 },
					{ "time": 3.3333, "angle": 0.0 }
				]
			},
			"branch_28_2": {
				"rotate": [
					{ "time": 0.0, "angle": 0.0 },
					{ "time": 1.6667, "angle": 12.43 },
					{ "time": 3.3333, "angle": 0.0 }
				]
			},
			"branch_28_3": {
				"rotate": [
					{ "time": 0.0, "angle": 0.0 },
					{ "time": 1.6667, "angle": 14.98 },
					{ "time": 3.3333, "angle": 0.0 }
				]
			},
			"branch_29_2": {
				"rotate": [
					{ "time": 0.0, "angle": 0.0 },
					{ "time": 1.6667, "angle": 18.22 },
					{ "time": 3.3333, "angle": 0.0 }
				]
			},
			"branch_29_3": {
				"rotate": [
					{ "time": 0.0, "angle": 0.0 },
					{ "time": 1.6667, "angle": 26.18 },
					{ "time": 3.3333, "angle": 0.0 }
				]
			}
		}
	},
	"idle_offset": {
		"bones": {
			"bush_4_2": {
				"rotate": [
					{ "time": 0.0, "angle": 0.0 },
					{ "time": 1.6667, "angle": 2.39 },
					{ "time": 3.3333, "angle": 0.0 }
				],
				"translate": [
					{ "time": 0.0 },
					{ "time": 1.6667, "x": -10.31, "y": 28.18 },
					{ "time": 3.3333 }
				]
			},
			"branch_28_1": {
				"rotate": [
					{ "angle": 0.74, "time": 0.0 },
					{ "time": 0.2667, "angle": 0.0 },
					{ "time": 1.9333, "angle": 8.13 },
					{ "time": 3.3333, "angle": 0.74 }
				]
			},
			"branch_29_1": {
				"rotate": [
					{ "angle": 0.16, "time": 0.0 },
					{ "time": 0.0667, "angle": 0.0 },
					{ "time": 1.7333, "angle": 11.91 },
					{ "time": 3.3333, "angle": 0.16 }
				]
			},
			"branch_28_2": {
				"rotate": [
					{ "angle": 1.62, "time": 0.0 },
					{ "time": 0.3333, "angle": 0.0 },
					{ "time": 2, "angle": 12.43 },
					{ "time": 3.3333, "angle": 1.62 }
				]
			},
			"branch_28_3": {
				"rotate": [
					{ "angle": 2.6, "time": 0.0 },
					{ "time": 0.4, "angle": 0.0 },
					{ "time": 2.0667, "angle": 14.98 },
					{ "time": 3.3333, "angle": 2.6 }
				]
			},
			"branch_29_2": {
				"rotate": [
					{ "angle": 0.5, "time": 0.0 },
					{ "time": 0.1333, "angle": 0.0 },
					{ "time": 1.8, "angle": 18.22 },
					{ "time": 3.3333, "angle": 0.5 }
				]
			},
			"branch_29_3": {
				"rotate": [
					{ "angle": 1.54, "time": 0.0 },
					{ "time": 0.2, "angle": 0.0 },
					{ "time": 1.8667, "angle": 26.18 },
					{ "time": 3.3333, "angle": 1.54 }
				]
			}
		}
	},
	"idle_offset_all": {
		"bones": {
			"bush_4_2": {
				"rotate": [
					{ "angle": 1.51, "time": 0.0 },
					{ "time": 1, "angle": 0.0 },
					{ "time": 2.6667, "angle": 2.39 },
					{ "time": 3.3333, "angle": 1.51 }
				],
				"translate": [
					{ "x": -6.52, "y": 17.81, "time": 0.0 },
					{ "time": 1 },
					{ "time": 2.6667, "x": -10.31, "y": 28.18 },
					{ "time": 3.3333, "x": -6.52, "y": 17.81 }
				]
			},
			"branch_28_1": {
				"rotate": [
					{ "angle": 6.71, "time": 0.0 },
					{ "time": 1, "angle": 0.74 },
					{ "time": 1.2667, "angle": 0.0 },
					{ "time": 2.9333, "angle": 8.13 },
					{ "time": 3.3333, "angle": 6.71 }
				]
			},
			"branch_29_1": {
				"rotate": [
					{ "angle": 8.12, "time": 0.0 },
					{ "time": 1, "angle": 0.16 },
					{ "time": 1.0667, "angle": 0.0 },
					{ "time": 2.7333, "angle": 11.91 },
					{ "time": 3.3333, "angle": 8.12 }
				]
			},
			"branch_28_2": {
				"rotate": [
					{ "angle": 10.8, "time": 0.0 },
					{ "time": 1, "angle": 1.62 },
					{ "time": 1.3333, "angle": 0.0 },
					{ "time": 3, "angle": 12.43 },
					{ "time": 3.3333, "angle": 10.8 }
				]
			},
			"branch_28_3": {
				"rotate": [
					{ "angle": 13.6, "time": 0.0 },
					{ "time": 1, "angle": 2.6 },
					{ "time": 1.4, "angle": 0.0 },
					{ "time": 3.0667, "angle": 14.98 },
					{ "time": 3.3333, "angle": 13.6 }
				]
			},
			"branch_29_2": {
				"rotate": [
					{ "angle": 13.28, "time": 0.0 },
					{ "time": 1, "angle": 0.5 },
					{ "time": 1.1333, "angle": 0.0 },
					{ "time": 2.8, "angle": 18.22 },
					{ "time": 3.3333, "angle": 13.28 }
				]
			},
			"branch_29_3": {
				"rotate": [
					{ "angle": 20.37, "time": 0.0 },
					{ "time": 1, "angle": 1.54 },
					{ "time": 1.2, "angle": 0.0 },
					{ "time": 2.8667, "angle": 26.18 },
					{ "time": 3.3333, "angle": 20.37 }
				]
			}
		}
	}
},
"skins": {
	"default": {
		"branch_28": {
			"branch_28": {
				"type": "mesh",
				"uvs": [ 1, 0.26835, 0.83257, 0.53155, 0.63376, 0.75088, 0.34108, 1, 0, 1, 0, 0.68985, 0, 0.5201, 0.25272, 0.24356, 0.53988, 0, 1, 0 ],
				"triangles": [ 1, 7, 0, 7, 8, 0, 8, 9, 0, 2, 5, 1, 5, 6, 1, 6, 7, 1, 2, 3, 5, 3, 4, 5 ],
				"vertices": [ 2, 5, 84.34, -19.78, 0.01, 6, 26.89, -25.49, 0.99, 2, 3, 97.02, -21.55, 0.02, 5, 32.16, -23.02, 0.98, 2, 3, 52.43, -21.88, 0.99, 5, -12.41, -21.9, 0.01, 1, 3, 0.42, -17.99, 1, 1, 3, -6.57, 3.76, 1, 2, 3, 50.72, 22.16, 0.42, 5, -12.69, 22.18, 0.58, 2, 5, 18.97, 31.23, 0.99, 6, -27.31, 37.25, 0.01, 2, 5, 75.21, 29.68, 0.09, 6, 27.56, 24.8, 0.91, 1, 6, 76.23, 9.52, 1, 1, 6, 78.78, -21.2, 1 ],
				"hull": 10,
				"edges": [ 6, 8, 6, 4, 4, 2, 0, 18, 2, 0, 8, 10, 10, 12, 12, 14, 16, 18, 14, 16 ],
				"width": 67,
				"height": 194
			}
		},
		"branch_29": {
			"branch_29": {
				"type": "mesh",
				"uvs": [ 1, 0.15872, 0.82526, 0.39568, 0.65324, 0.56523, 0.39631, 0.77635, 0.1176, 1, 0, 1, 0, 0.69799, 0.16696, 0.44856, 0.37791, 0.23137, 0.62745, 0.06338, 0.77409, 0, 1, 0 ],
				"triangles": [ 10, 11, 0, 0, 9, 10, 1, 9, 0, 8, 9, 1, 2, 8, 1, 7, 8, 2, 3, 7, 2, 6, 7, 3, 4, 5, 6, 3, 4, 6 ],
				"vertices": [ 1, 8, 62.74, -19.45, 1, 2, 4, 141.24, -35.73, 0.01, 8, 14.07, -28.68, 0.99, 2, 4, 103.04, -32.25, 0.41, 8, -24.24, -30.61, 0.59, 2, 4, 52.95, -23.27, 1, 8, -75.1, -28.76, 0, 1, 4, -0.51, -13.04, 1, 1, 4, -7.49, -0.23, 1, 1, 4, 42.37, 26.93, 1, 2, 4, 93.45, 31.19, 0.67, 8, -42.66, 30.86, 0.33, 2, 4, 141.82, 27.76, 0.03, 8, 5.71, 34.26, 0.97, 1, 8, 49.52, 28.31, 1, 1, 8, 69.94, 20.84, 1, 1, 8, 86.67, -1.63, 1 ],
				"hull": 12,
				"edges": [ 8, 10, 8, 6, 6, 4, 4, 2, 0, 22, 2, 0, 10, 12, 12, 14, 14, 16, 16, 18, 20, 22, 18, 20 ],
				"width": 124,
				"height": 188
			}
		},
		"bush_4": {
			"bush_4": {
				"type": "mesh",
				"uvs": [ 0.26538, 0.04134, 0.32332, 0.14824, 0.45866, 0.15243, 0.56677, 0.20957, 0.61242, 0.32683, 0.68603, 0.32911, 0.74849, 0.38975, 0.76727, 0.49832, 0.84928, 0.52457, 0.95053, 0.62348, 1, 0.72876, 1, 1, 0, 1, 0, 0.04301, 0.07155, 0, 0.17455, 0 ],
				"triangles": [ 7, 8, 9, 9, 10, 7, 11, 7, 10, 4, 5, 6, 7, 4, 6, 12, 1, 4, 4, 7, 12, 2, 3, 4, 1, 2, 4, 15, 0, 1, 13, 14, 15, 15, 1, 13, 11, 12, 7, 1, 12, 13 ],
				"vertices": [ 2, 1, 618.87, 362.95, 0.22, 2, 72.15, 356.69, 0.78, 2, 1, 603.76, 269.79, 0.16, 2, 55.58, 263.78, 0.84, 2, 1, 689.91, 189.28, 0.03, 2, 140.46, 181.93, 0.97, 2, 1, 732.13, 94.93, 0, 2, 181.2, 86.93, 1, 1, 2, 151.52, -4.46, 1, 1, 2, 197.69, -48.97, 1, 2, 1, 761.47, -110.64, 0, 2, 207.32, -119.07, 1, 2, 1, 720, -182.11, 0.01, 2, 164.74, -189.88, 0.99, 2, 1, 760.47, -244.13, 0.01, 2, 204.23, -252.53, 0.99, 2, 1, 777.55, -357.85, 0.01, 2, 219.53, -366.5, 0.99, 2, 1, 757.72, -445.21, 0.01, 2, 198.34, -453.54, 0.99, 2, 1, 623.54, -596.66, 0.03, 2, 61.81, -602.87, 0.97, 1, 1, -28.4, -19.06, 1, 2, 1, 445.03, 515.3, 0.29, 2, -99.29, 511.74, 0.71, 2, 1, 512.95, 497.99, 0.27, 2, -31.65, 493.37, 0.73, 2, 1, 580.1, 438.5, 0.25, 2, 34.56, 432.84, 0.75 ],
				"hull": 16,
				"edges": [ 22, 24, 24, 26, 26, 28, 28, 30, 30, 0, 0, 2, 2, 4, 4, 6, 6, 8, 8, 10, 10, 12, 12, 14, 14, 16, 16, 18, 22, 20, 18, 20 ],
				"width": 871,
				"height": 746
			}
		},
		"crop": {
			"crop": {
				"type": "clipping",
				"end": "crop",
				"vertexCount": 4,
				"vertices": [ -1890.56, 817.28, -1892.23, 0.82, -861.31, 1.9, -865.62, 815.7 ],
				"color": "ce3a3aff"
			}
		}
	}
}
}