{
"skeleton": {
	"hash": "C5kA6xdkvRM",
	"spine": "3.7-from-3.8-from-4.0-from-4.1.20-beta",
	"x": -1395.65,
	"y": 1353.81,
	"width": 1715.94,
	"height": 1753.78,
	"images": "L:/.shortcut-targets-by-id/1W1y-PYkw_bxhyevZFE_WU70jKIcX38Et/Share.hp/!Картины в работе/fox_and_fish/animations/images/fox/",
	"audio": "../images/fox/"
},
"bones": [
	{ "name": "root" },
	{
		"name": "fox_main_bone",
		"parent": "root",
		"length": 63.23,
		"rotation": -26.23,
		"x": -439.37,
		"y": 1571.29,
		"color": "ff0000ff"
	},
	{
		"name": "fox_body_1",
		"parent": "fox_main_bone",
		"length": 177.31,
		"rotation": -4.67,
		"x": -371.79,
		"y": 46.78,
		"color": "fff200ff"
	},
	{
		"name": "fox_body_3",
		"parent": "fox_main_bone",
		"length": 142.2,
		"rotation": -177.09,
		"x": 268.48,
		"y": 51.1,
		"color": "fff200ff"
	},
	{ "name": "fox_body_2", "parent": "fox_main_bone", "rotation": -177.09, "x": 0.59, "y": 41.94, "color": "fff200ff" },
	{
		"name": "fox_head_1",
		"parent": "fox_body_3",
		"length": 369.7,
		"rotation": 56.5,
		"x": 0.07,
		"y": -0.23,
		"transform": "onlyTranslation",
		"color": "fff200ff"
	},
	{ "name": "fox_head_3", "parent": "fox_head_1", "rotation": 1.31, "x": 152.84, "y": -104.06, "color": "fff200ff" },
	{ "name": "fox_eye_right_2", "parent": "fox_head_3", "x": -20.37, "y": -28.31, "color": "fff200ff" },
	{
		"name": "fox_head_2",
		"parent": "fox_head_1",
		"length": 172.22,
		"rotation": -60,
		"x": 64.01,
		"y": -182.56,
		"color": "fff200ff"
	},
	{
		"name": "fox_ear_right_1",
		"parent": "fox_head_1",
		"length": 335.68,
		"rotation": 24.61,
		"x": 305.7,
		"y": 136.01,
		"color": "fff200ff"
	},
	{
		"name": "fox_ear_left",
		"parent": "fox_head_1",
		"length": 240.87,
		"rotation": -14.75,
		"x": 447.85,
		"y": -63.48,
		"color": "fff200ff"
	},
	{ "name": "fox_eyebrow_right", "parent": "fox_head_1", "x": 294, "y": -101.04, "color": "fff200ff" },
	{ "name": "fox_paw_front_right_1", "parent": "fox_body_3", "length": 167.85, "rotation": 147.23, "transform": "onlyTranslation", "color": "fff200ff" },
	{
		"name": "fox_paw_front_right_2",
		"parent": "fox_paw_front_right_1",
		"length": 199.23,
		"rotation": -49.7,
		"x": 167.87,
		"y": -0.05,
		"transform": "onlyTranslation",
		"color": "fff200ff"
	},
	{ "name": "fox_paw_front_right_3", "parent": "fox_paw_front_right_2", "length": 136.51, "rotation": 41.33, "x": 199.23, "color": "fff200ff" },
	{ "name": "fox_paw_front_right_4", "parent": "fox_paw_front_right_3", "length": 117.5, "rotation": -18.45, "x": 136.51, "color": "fff200ff" },
	{ "name": "fox_paw_back_right_1_1", "parent": "fox_body_1", "length": 206.81, "rotation": -50.19, "transform": "onlyTranslation", "color": "fff200ff" },
	{
		"name": "fox_paw_back_right_1_2",
		"parent": "fox_paw_back_right_1_1",
		"rotation": -26.98,
		"x": 206.78,
		"y": -0.01,
		"transform": "onlyTranslation",
		"color": "fff200ff"
	},
	{
		"name": "fox_paw_back_right_2_1",
		"parent": "fox_paw_back_right_1_2",
		"length": 132.83,
		"rotation": -0.39,
		"x": 17.87,
		"y": -118.45,
		"color": "fff200ff"
	},
	{ "name": "fox_paw_back_right_2_2", "parent": "fox_paw_back_right_2_1", "length": 86.33, "rotation": 23.41, "x": 132.83, "color": "fff200ff" },
	{ "name": "fox_tail_1", "parent": "fox_body_1", "length": 48.61, "rotation": 128.4, "transform": "noRotationOrReflection", "color": "fff200ff" },
	{
		"name": "fox_tail_2",
		"parent": "fox_tail_1",
		"length": 149.04,
		"rotation": 128.4,
		"x": 50.6,
		"y": -14.69,
		"transform": "noRotationOrReflection",
		"color": "fff200ff"
	},
	{
		"name": "fox_tail_3",
		"parent": "fox_tail_2",
		"length": 149.04,
		"rotation": 128.4,
		"x": 149.04,
		"transform": "noRotationOrReflection",
		"color": "fff200ff"
	},
	{
		"name": "fox_tail_4",
		"parent": "fox_tail_3",
		"length": 149.04,
		"rotation": 128.4,
		"x": 149.04,
		"transform": "noRotationOrReflection",
		"color": "fff200ff"
	},
	{
		"name": "fox_tail_5",
		"parent": "fox_tail_4",
		"length": 149.04,
		"rotation": 128.4,
		"x": 149.04,
		"transform": "noRotationOrReflection",
		"color": "fff200ff"
	},
	{
		"name": "fox_tail_6",
		"parent": "fox_tail_5",
		"length": 149.04,
		"rotation": 128.4,
		"x": 149.04,
		"transform": "noRotationOrReflection",
		"color": "fff200ff"
	},
	{
		"name": "fox_tail_7",
		"parent": "fox_tail_6",
		"length": 149.04,
		"rotation": 128.4,
		"x": 149.04,
		"transform": "noRotationOrReflection",
		"color": "fff200ff"
	},
	{
		"name": "fox_tail_8",
		"parent": "fox_tail_7",
		"length": 149.04,
		"rotation": 128.4,
		"x": 149.04,
		"transform": "noRotationOrReflection",
		"color": "fff200ff"
	},
	{
		"name": "fox_tail_9",
		"parent": "fox_tail_8",
		"length": 149.04,
		"rotation": 128.4,
		"x": 149.04,
		"transform": "noRotationOrReflection",
		"color": "fff200ff"
	},
	{
		"name": "fox_tail_10",
		"parent": "fox_tail_9",
		"length": 149.04,
		"rotation": 128.4,
		"x": 149.04,
		"transform": "noRotationOrReflection",
		"color": "fff200ff"
	},
	{ "name": "fox_body_4", "parent": "fox_body_1", "length": 44.11, "rotation": -151.73, "transform": "onlyTranslation", "color": "fff200ff" },
	{
		"name": "fox_body_5",
		"parent": "fox_body_4",
		"length": 68.68,
		"rotation": -162.68,
		"x": 46.06,
		"y": -0.29,
		"transform": "onlyTranslation",
		"color": "fff200ff"
	},
	{
		"name": "fox_body_6",
		"parent": "fox_body_5",
		"length": 100.65,
		"rotation": 177.22,
		"x": 68.68,
		"transform": "onlyTranslation",
		"color": "fff200ff"
	},
	{
		"name": "fox_body_7",
		"parent": "fox_body_6",
		"length": 122.78,
		"rotation": 156.08,
		"x": 100.65,
		"transform": "onlyTranslation",
		"color": "fff200ff"
	},
	{
		"name": "fox_body_8",
		"parent": "fox_body_7",
		"length": 135.78,
		"rotation": 117.85,
		"x": 122.78,
		"transform": "onlyTranslation",
		"color": "fff200ff"
	},
	{
		"name": "fox_body_9",
		"parent": "fox_body_8",
		"length": 140.22,
		"rotation": 101.99,
		"x": 135.78,
		"transform": "onlyTranslation",
		"color": "fff200ff"
	},
	{
		"name": "fox_body_10",
		"parent": "fox_body_9",
		"length": 166.84,
		"rotation": 81.55,
		"x": 140.22,
		"transform": "onlyTranslation",
		"color": "fff200ff"
	},
	{
		"name": "fox_body_11",
		"parent": "fox_body_10",
		"length": 207.59,
		"rotation": 66.38,
		"x": 166.84,
		"transform": "onlyTranslation",
		"color": "fff200ff"
	},
	{
		"name": "fox_body_12",
		"parent": "fox_body_11",
		"length": 209.41,
		"rotation": 58.08,
		"x": 207.59,
		"transform": "onlyTranslation",
		"color": "fff200ff"
	},
	{
		"name": "fox_body_13",
		"parent": "fox_body_12",
		"length": 119.44,
		"rotation": 84.36,
		"x": 209.41,
		"transform": "onlyTranslation",
		"color": "fff200ff"
	},
	{
		"name": "fox_body_14",
		"parent": "fox_body_13",
		"length": 112.79,
		"rotation": 91.76,
		"x": 119.44,
		"transform": "onlyTranslation",
		"color": "fff200ff"
	},
	{
		"name": "fox_body_15",
		"parent": "fox_body_14",
		"length": 138.51,
		"rotation": 100.31,
		"x": 112.79,
		"transform": "onlyTranslation",
		"color": "fff200ff"
	},
	{
		"name": "fox_body_16",
		"parent": "fox_body_15",
		"length": 124.44,
		"rotation": 122.92,
		"x": 138.43,
		"y": 0.03,
		"transform": "onlyTranslation",
		"color": "fff200ff"
	},
	{
		"name": "fox_body_17",
		"parent": "fox_body_16",
		"length": 47.21,
		"rotation": 125.79,
		"x": 124.44,
		"transform": "onlyTranslation",
		"color": "fff200ff"
	}
],
"slots": [
	{ "name": "fox_tail_2", "bone": "root", "attachment": "fox_tail_2" },
	{ "name": "fox_tail", "bone": "fox_tail_1", "attachment": "fox_tail_1" },
	{ "name": "fox_ear_left", "bone": "fox_ear_left", "attachment": "fox_ear_left" },
	{ "name": "fox_eye_right_1", "bone": "fox_head_3", "attachment": "fox_eye_right_1" },
	{ "name": "fox_eye_right_2", "bone": "fox_eye_right_2", "attachment": "fox_eye_right_2" },
	{ "name": "fox_head", "bone": "fox_head_1", "attachment": "fox_head" },
	{ "name": "fox_ear_right_1", "bone": "fox_ear_right_1", "attachment": "fox_ear_right_1" },
	{ "name": "fox_ear_right_2", "bone": "fox_ear_right_1", "attachment": "fox_ear_right_2" },
	{ "name": "fox_eyebrow_right", "bone": "fox_eyebrow_right", "attachment": "fox_eyebrow_right" },
	{ "name": "fox_body", "bone": "fox_body_2", "attachment": "fox_body" },
	{ "name": "fox_paw_front_right", "bone": "fox_paw_front_right_2", "attachment": "fox_paw_front_right" },
	{ "name": "fox_paw_back_right_2", "bone": "fox_paw_back_right_2_1", "attachment": "fox_paw_back_right_2" },
	{ "name": "fox_paw_back_right_1", "bone": "fox_paw_back_right_1_2", "attachment": "fox_paw_back_right_1" }
],
"ik": [
	{
		"name": "fox_body_ik_1",
		"bones": [ "fox_body_3" ],
		"target": "fox_body_2"
	},
	{
		"name": "fox_body_ik_2",
		"order": 1,
		"bones": [ "fox_body_1" ],
		"target": "fox_body_2"
	}
],
"animations": {
	"idle": {
		"bones": {
			"fox_body_1": {
				"rotate": [
					{ "angle": 3.92, "time": 0.0 }
				],
				"translate": [
					{ "time": 0.0 },
					{ "time": 1.6667, "x": 2.1 },
					{ "time": 3.3333 }
				]
			},
			"fox_body_2": {
				"translate": [
					{ "time": 0.0 },
					{ "time": 1.6667, "x": 10.58, "y": 13.86 },
					{ "time": 3.3333 }
				]
			},
			"fox_head_1": {
				"rotate": [
					{ "time": 0.0, "angle": 0.0 },
					{ "time": 1.6667, "angle": -2.31 },
					{ "time": 3.3333, "angle": 0.0 }
				]
			},
			"fox_eye_right_2": {
				"rotate": [
					{ "time": 0.0, "angle": 0.0 },
					{ "time": 1.6667, "angle": 4.31 },
					{ "time": 3.3333, "angle": 0.0 }
				],
				"translate": [
					{ "time": 0.0 },
					{ "time": 1.6667, "x": 8.87, "y": -0.62 },
					{ "time": 3.3333 }
				]
			},
			"fox_head_2": {
				"rotate": [
					{ "time": 0.0, "angle": 0.0 },
					{ "time": 1.6667, "angle": -1.08 },
					{ "time": 3.3333, "angle": 0.0 }
				]
			},
			"fox_ear_right_1": {
				"rotate": [
					{ "time": 0.0, "angle": 0.0 },
					{ "time": 1.6667, "angle": -6.1 },
					{ "time": 3.3333, "angle": 0.0 }
				]
			},
			"fox_ear_left": {
				"rotate": [
					{ "time": 0.0, "angle": 0.0 },
					{ "time": 1.6667, "angle": -5.82 },
					{ "time": 3.3333, "angle": 0.0 }
				]
			},
			"fox_eyebrow_right": {
				"translate": [
					{ "time": 0.0 },
					{ "time": 1.6667, "x": 2.28, "y": 3.6 },
					{ "time": 3.3333 }
				]
			},
			"fox_paw_front_right_2": {
				"translate": [
					{ "time": 0.0 },
					{ "time": 1.6667, "x": 0.72, "y": -9.85 },
					{ "time": 3.3333 }
				]
			},
			"fox_paw_front_right_3": {
				"translate": [
					{ "time": 0.0 },
					{ "time": 1.6667, "x": 7.66, "y": -4.57 },
					{ "time": 3.3333 }
				]
			},
			"fox_paw_front_right_4": {
				"rotate": [
					{ "time": 0.0, "angle": 0.0 },
					{ "time": 1.6667, "angle": -5.28 },
					{ "time": 3.3333, "angle": 0.0 }
				]
			},
			"fox_tail_2": {
				"rotate": [
					{ "angle": 7.34, "time": 0.0 }
				]
			},
			"fox_tail_3": {
				"rotate": [
					{ "angle": 3.63, "time": 0.0 },
					{ "time": 1.6667, "angle": 1.68 },
					{ "time": 3.3333, "angle": 3.63 }
				]
			},
			"fox_tail_4": {
				"rotate": [
					{ "angle": 7.82, "time": 0.0 },
					{ "time": 1.6667, "angle": 3.25 },
					{ "time": 3.3333, "angle": 7.82 }
				]
			},
			"fox_tail_5": {
				"rotate": [
					{ "angle": 13.15, "time": 0.0 },
					{ "time": 1.6667, "angle": 3.92 },
					{ "time": 3.3333, "angle": 13.15 }
				]
			},
			"fox_tail_6": {
				"rotate": [
					{ "angle": 14.17, "time": 0.0 },
					{ "time": 1.6667, "angle": 0.29 },
					{ "time": 3.3333, "angle": 14.17 }
				]
			},
			"fox_tail_7": {
				"rotate": [
					{ "angle": 21, "time": 0.0 },
					{ "time": 1.6667, "angle": 5.3 },
					{ "time": 3.3333, "angle": 21 }
				]
			},
			"fox_tail_8": {
				"rotate": [
					{ "angle": 16.58, "time": 0.0 },
					{ "time": 1.6667, "angle": 2.65 },
					{ "time": 3.3333, "angle": 16.58 }
				]
			},
			"fox_tail_9": {
				"rotate": [
					{ "angle": 29.85, "time": 0.0 },
					{ "time": 1.6667, "angle": -3.82 },
					{ "time": 3.3333, "angle": 29.85 }
				]
			},
			"fox_tail_10": {
				"rotate": [
					{ "angle": 31.08, "time": 0.0 },
					{ "time": 1.6667, "angle": -0.67 },
					{ "time": 3.3333, "angle": 31.08 }
				]
			},
			"fox_body_3": {
				"rotate": [
					{ "angle": -0.95, "time": 0.0 }
				],
				"translate": [
					{ "time": 0.0 },
					{ "time": 1.6667, "y": -5.72 },
					{ "time": 3.3333 }
				]
			},
			"fox_body_4": {
				"rotate": [
					{ "time": 0.0, "angle": 0.0 },
					{ "time": 1.6667, "angle": -9.39 },
					{ "time": 3.3333, "angle": 0.0 }
				]
			},
			"fox_body_17": {
				"rotate": [
					{ "time": 0.0, "angle": 0.0 },
					{ "time": 1.6667, "angle": -44.12 },
					{ "time": 3.3333, "angle": 0.0 }
				]
			},
			"fox_body_16": {
				"rotate": [
					{ "time": 0.0, "angle": 0.0 },
					{ "time": 1.6667, "angle": -26.95 },
					{ "time": 3.3333, "angle": 0.0 }
				]
			},
			"fox_body_15": {
				"rotate": [
					{ "time": 0.0, "angle": 0.0 },
					{ "time": 1.6667, "angle": -15.91 },
					{ "time": 3.3333, "angle": 0.0 }
				]
			},
			"fox_body_14": {
				"rotate": [
					{ "time": 0.0, "angle": 0.0 },
					{ "time": 1.6667, "angle": -17.7 },
					{ "time": 3.3333, "angle": 0.0 }
				]
			},
			"fox_body_13": {
				"rotate": [
					{ "time": 0.0, "angle": 0.0 },
					{ "time": 1.6667, "angle": -22.29 },
					{ "time": 3.3333, "angle": 0.0 }
				]
			},
			"fox_body_12": {
				"rotate": [
					{ "time": 0.0, "angle": 0.0 },
					{ "time": 1.6667, "angle": -6.97 },
					{ "time": 3.3333, "angle": 0.0 }
				]
			},
			"fox_body_11": {
				"rotate": [
					{ "time": 0.0, "angle": 0.0 },
					{ "time": 1.6667, "angle": -2.99 },
					{ "time": 3.3333, "angle": 0.0 }
				]
			},
			"fox_body_10": {
				"rotate": [
					{ "time": 0.0, "angle": 0.0 },
					{ "time": 1.6667, "angle": -4.21 },
					{ "time": 3.3333, "angle": 0.0 }
				]
			},
			"fox_body_9": {
				"rotate": [
					{ "time": 0.0, "angle": 0.0 },
					{ "time": 1.6667, "angle": -3.96 },
					{ "time": 3.3333, "angle": 0.0 }
				]
			},
			"fox_body_8": {
				"rotate": [
					{ "time": 0.0, "angle": 0.0 },
					{ "time": 1.6667, "angle": -4.88 },
					{ "time": 3.3333, "angle": 0.0 }
				]
			},
			"fox_body_7": {
				"rotate": [
					{ "time": 0.0, "angle": 0.0 },
					{ "time": 1.6667, "angle": -7.24 },
					{ "time": 3.3333, "angle": 0.0 }
				]
			},
			"fox_body_6": {
				"rotate": [
					{ "time": 0.0, "angle": 0.0 },
					{ "time": 1.6667, "angle": -9.39 },
					{ "time": 3.3333, "angle": 0.0 }
				]
			},
			"fox_body_5": {
				"rotate": [
					{ "time": 0.0, "angle": 0.0 },
					{ "time": 1.6667, "angle": -13.06 },
					{ "time": 3.3333, "angle": 0.0 }
				]
			}
		}
	},
	"idle_offset": {
		"bones": {
			"fox_body_2": {
				"translate": [
					{ "time": 0.0 },
					{ "time": 1.6667, "x": 10.58, "y": 13.86 },
					{ "time": 3.3333 }
				]
			},
			"fox_head_1": {
				"rotate": [
					{ "angle": -0.14, "time": 0.0 },
					{ "time": 0.2, "angle": 0.0 },
					{ "time": 1.8667, "angle": -2.31 },
					{ "time": 3.3333, "angle": -0.14 }
				]
			},
			"fox_eye_right_2": {
				"rotate": [
					{ "time": 0.0, "angle": 0.0 },
					{ "time": 1.6667, "angle": 4.31 },
					{ "time": 3.3333, "angle": 0.0 }
				],
				"translate": [
					{ "time": 0.0 },
					{ "time": 1.6667, "x": 8.87, "y": -0.62 },
					{ "time": 3.3333 }
				]
			},
			"fox_head_2": {
				"rotate": [
					{ "time": 0.0, "angle": 0.0 },
					{ "time": 1.6667, "angle": -1.08 },
					{ "time": 3.3333, "angle": 0.0 }
				]
			},
			"fox_ear_right_1": {
				"rotate": [
					{ "angle": -0.79, "time": 0.0 },
					{ "time": 0.3333, "angle": 0.0 },
					{ "time": 2, "angle": -6.1 },
					{ "time": 3.3333, "angle": -0.79 }
				]
			},
			"fox_ear_left": {
				"rotate": [
					{ "angle": -1.01, "time": 0.0 },
					{ "time": 0.4, "angle": 0.0 },
					{ "time": 2.0667, "angle": -5.82 },
					{ "time": 3.3333, "angle": -1.01 }
				]
			},
			"fox_eyebrow_right": {
				"translate": [
					{ "time": 0.0 },
					{ "time": 1.6667, "x": 2.28, "y": 3.6 },
					{ "time": 3.3333 }
				]
			},
			"fox_paw_front_right_2": {
				"translate": [
					{ "x": 0.02, "y": -0.27, "time": 0.0 },
					{ "time": 0.1333 },
					{ "time": 1.8, "x": 0.72, "y": -9.85 },
					{ "time": 3.3333, "x": 0.02, "y": -0.27 }
				]
			},
			"fox_paw_front_right_3": {
				"translate": [
					{ "x": 0.45, "y": -0.27, "time": 0.0 },
					{ "time": 0.2 },
					{ "time": 1.8667, "x": 7.66, "y": -4.57 },
					{ "time": 3.3333, "x": 0.45, "y": -0.27 }
				]
			},
			"fox_paw_front_right_4": {
				"rotate": [
					{ "angle": -0.48, "time": 0.0 },
					{ "time": 0.2667, "angle": 0.0 },
					{ "time": 1.9333, "angle": -5.28 },
					{ "time": 3.3333, "angle": -0.48 }
				]
			},
			"fox_tail_2": {
				"rotate": [
					{ "angle": 7.34, "time": 0.0 }
				]
			},
			"fox_tail_3": {
				"rotate": [
					{ "angle": 3.58, "time": 0.0 },
					{ "time": 0.1333, "angle": 3.63 },
					{ "time": 1.8, "angle": 1.68 },
					{ "time": 3.3333, "angle": 3.58 }
				]
			},
			"fox_tail_4": {
				"rotate": [
					{ "angle": 7.55, "time": 0.0 },
					{ "time": 0.2, "angle": 7.82 },
					{ "time": 1.8667, "angle": 3.25 },
					{ "time": 3.3333, "angle": 7.55 }
				]
			},
			"fox_tail_5": {
				"rotate": [
					{ "angle": 12.31, "time": 0.0 },
					{ "time": 0.2667, "angle": 13.15 },
					{ "time": 1.9333, "angle": 3.92 },
					{ "time": 3.3333, "angle": 12.31 }
				]
			},
			"fox_tail_6": {
				"rotate": [
					{ "angle": 12.36, "time": 0.0 },
					{ "time": 0.3333, "angle": 14.17 },
					{ "time": 2, "angle": 0.29 },
					{ "time": 3.3333, "angle": 12.36 }
				]
			},
			"fox_tail_7": {
				"rotate": [
					{ "angle": 18.28, "time": 0.0 },
					{ "time": 0.4, "angle": 21 },
					{ "time": 2.0667, "angle": 5.3 },
					{ "time": 3.3333, "angle": 18.28 }
				]
			},
			"fox_tail_8": {
				"rotate": [
					{ "angle": 13.55, "time": 0.0 },
					{ "time": 0.4667, "angle": 16.58 },
					{ "time": 2.1333, "angle": 2.65 },
					{ "time": 3.3333, "angle": 13.55 }
				]
			},
			"fox_tail_9": {
				"rotate": [
					{ "angle": 20.85, "time": 0.0 },
					{ "time": 0.5333, "angle": 29.85 },
					{ "time": 2.2, "angle": -3.82 },
					{ "time": 3.3333, "angle": 20.85 }
				]
			},
			"fox_tail_10": {
				"rotate": [
					{ "angle": 21.02, "time": 0.0 },
					{ "time": 0.6, "angle": 31.08 },
					{ "time": 2.2667, "angle": -0.67 },
					{ "time": 3.3333, "angle": 21.02 }
				]
			},
			"fox_body_1": {
				"rotate": [
					{ "angle": 3.92, "time": 0.0 }
				],
				"translate": [
					{ "x": 0.03, "time": 0.0 },
					{ "time": 0.0667 },
					{ "time": 1.7333, "x": 2.1 },
					{ "time": 3.3333, "x": 0.03 }
				]
			},
			"fox_body_3": {
				"rotate": [
					{ "angle": -0.95, "time": 0.0 }
				],
				"translate": [
					{ "y": -0.16, "time": 0.0 },
					{ "time": 0.1333 },
					{ "time": 1.8, "y": -5.72 },
					{ "time": 3.3333, "y": -0.16 }
				]
			},
			"fox_body_11": {
				"rotate": [
					{ "angle": -0.95, "time": 0.0 },
					{ "time": 0.6, "angle": 0.0 },
					{ "time": 2.2667, "angle": -2.99 },
					{ "time": 3.3333, "angle": -0.95 }
				]
			},
			"fox_body_10": {
				"rotate": [
					{ "angle": -1.13, "time": 0.0 },
					{ "time": 0.5333, "angle": 0.0 },
					{ "time": 2.2, "angle": -4.21 },
					{ "time": 3.3333, "angle": -1.13 }
				]
			},
			"fox_body_9": {
				"rotate": [
					{ "angle": -0.86, "time": 0.0 },
					{ "time": 0.4667, "angle": 0.0 },
					{ "time": 2.1333, "angle": -3.96 },
					{ "time": 3.3333, "angle": -0.86 }
				]
			},
			"fox_body_8": {
				"rotate": [
					{ "angle": -0.85, "time": 0.0 },
					{ "time": 0.4, "angle": 0.0 },
					{ "time": 2.0667, "angle": -4.88 },
					{ "time": 3.3333, "angle": -0.85 }
				]
			},
			"fox_body_7": {
				"rotate": [
					{ "angle": -0.94, "time": 0.0 },
					{ "time": 0.3333, "angle": 0.0 },
					{ "time": 2, "angle": -7.24 },
					{ "time": 3.3333, "angle": -0.94 }
				]
			},
			"fox_body_6": {
				"rotate": [
					{ "angle": -0.86, "time": 0.0 },
					{ "time": 0.2667, "angle": 0.0 },
					{ "time": 1.9333, "angle": -9.39 },
					{ "time": 3.3333, "angle": -0.86 }
				]
			},
			"fox_body_5": {
				"rotate": [
					{ "angle": -0.77, "time": 0.0 },
					{ "time": 0.2, "angle": 0.0 },
					{ "time": 1.8667, "angle": -13.06 },
					{ "time": 3.3333, "angle": -0.77 }
				]
			},
			"fox_body_4": {
				"rotate": [
					{ "angle": -0.26, "time": 0.0 },
					{ "time": 0.1333, "angle": 0.0 },
					{ "time": 1.8, "angle": -9.39 },
					{ "time": 3.3333, "angle": -0.26 }
				]
			},
			"fox_body_15": {
				"rotate": [
					{ "angle": -8.38, "time": 0.0 },
					{ "time": 0.8667, "angle": 0.0 },
					{ "time": 2.5333, "angle": -15.91 },
					{ "time": 3.3333, "angle": -8.38 }
				]
			},
			"fox_body_16": {
				"rotate": [
					{ "angle": -15.61, "time": 0.0 },
					{ "time": 0.9333, "angle": 0.0 },
					{ "time": 2.6, "angle": -26.95 },
					{ "time": 3.3333, "angle": -15.61 }
				]
			},
			"fox_body_14": {
				"rotate": [
					{ "angle": -8.38, "time": 0.0 },
					{ "time": 0.8, "angle": 0.0 },
					{ "time": 2.4667, "angle": -17.7 },
					{ "time": 3.3333, "angle": -8.38 }
				]
			},
			"fox_body_13": {
				"rotate": [
					{ "angle": -9.38, "time": 0.0 },
					{ "time": 0.7333, "angle": 0.0 },
					{ "time": 2.4, "angle": -22.29 },
					{ "time": 3.3333, "angle": -9.38 }
				]
			},
			"fox_body_12": {
				"rotate": [
					{ "angle": -2.56, "time": 0.0 },
					{ "time": 0.6667, "angle": 0.0 },
					{ "time": 2.3333, "angle": -6.97 },
					{ "time": 3.3333, "angle": -2.56 }
				]
			},
			"fox_body_17": {
				"rotate": [
					{ "angle": -27.89, "time": 0.0 },
					{ "time": 1, "angle": 0.0 },
					{ "time": 2.6667, "angle": -44.12 },
					{ "time": 3.3333, "angle": -27.89 }
				]
			}
		}
	}
},
"skins": {
	"default": {
		"fox_body": {
			"fox_body": {
				"type": "mesh",
				"uvs": [ 0.69091, 0.30327, 0.71843, 0.35608, 0.77607, 0.38437, 1, 0.59749, 1, 1, 0.6394, 1, 0.53977, 0.96618, 0.47976, 0.94026, 0.39574, 0.85559, 0, 0.69662, 0, 0, 0.429, 1.0E-5 ],
				"triangles": [ 5, 2, 3, 5, 3, 4, 8, 11, 0, 8, 0, 1, 7, 8, 1, 6, 7, 1, 5, 6, 1, 5, 1, 2, 9, 10, 11, 8, 9, 11 ],
				"vertices": [ 3, 2, 367.72, 142.08, 0.17, 4, -4.36, -142.09, 0.69, 3, 266.04, -142.14, 0.14, 3, 2, 393.2, 129.57, 0.09, 4, -28.99, -127.98, 0.64, 3, 241.18, -128.44, 0.26, 3, 2, 430.52, 134.91, 0.03, 4, -66.58, -130.94, 0.49, 3, 203.65, -132.02, 0.48, 2, 4, -230.14, -101.67, 0, 3, 39.62, -105.47, 1, 1, 3, -31.54, 52.31, 1, 3, 2, 475.21, -139.38, 0, 4, -93.71, 145.64, 0.42, 3, 171.94, 144.07, 0.57, 3, 2, 413.65, -154.39, 0.05, 4, -31.32, 156.71, 0.65, 3, 234.13, 156.17, 0.3, 3, 2, 375.49, -161.31, 0.11, 4, 7.21, 161.18, 0.71, 3, 272.58, 161.28, 0.18, 3, 2, 312.62, -152.46, 0.32, 4, 69.38, 148.34, 0.63, 3, 334.96, 149.47, 0.04, 2, 2, 63.31, -202.67, 0.99, 4, 321.39, 182.57, 0.01, 1, 2, -72.58, 64.29, 1, 2, 2, 164.08, 184.75, 0.84, 4, 196.14, -197.64, 0.16 ],
				"hull": 12,
				"edges": [ 20, 22, 22, 0, 0, 2, 2, 4, 8, 6, 4, 6, 8, 10, 10, 12, 12, 14, 14, 16, 18, 20, 16, 18 ],
				"width": 619,
				"height": 430
			}
		},
		"fox_ear_left": {
			"fox_ear_left": { "x": 85.91, "y": -18.8, "rotation": -41.75, "width": 239, "height": 263 }
		},
		"fox_ear_right_1": {
			"fox_ear_right_1": {
				"type": "mesh",
				"uvs": [ 1, 1, 0, 1, 0, 0, 1, 0 ],
				"triangles": [ 1, 3, 0, 1, 2, 3 ],
				"vertices": [ 1, 5, 410.19, 14.59, 1, 1, 9, 16.78, 22.94, 1, 2, 9, 335.9, 72.84, 0.74, 5, 580.75, 342.12, 0.26, 2, 9, 363.56, -104.01, 0.67, 5, 679.54, 192.85, 0.33 ],
				"hull": 4,
				"edges": [ 0, 2, 2, 4, 4, 6, 0, 6 ],
				"width": 179,
				"height": 323
			}
		},
		"fox_ear_right_2": {
			"fox_ear_right_2": {
				"type": "mesh",
				"uvs": [ 0.7365, 0.99999, 0, 1, 6.0E-5, 0.75318, 0.80384, 0, 1, 0 ],
				"triangles": [ 1, 2, 0, 0, 2, 3, 0, 3, 4 ],
				"vertices": [ 1, 5, 264.43, 136.98, 1, 1, 5, 166.47, 285, 1, 1, 5, 239.14, 333.07, 1, 2, 5, 567.76, 318.26, 0.23, 9, 314.16, 56.56, 0.77, 2, 5, 593.85, 278.84, 0.3, 9, 321.46, 9.85, 0.7 ],
				"hull": 5,
				"edges": [ 0, 2, 0, 8, 2, 4, 6, 8, 4, 6 ],
				"width": 241,
				"height": 353
			}
		},
		"fox_eyebrow_right": {
			"fox_eyebrow_right": { "x": -16.03, "y": 17.33, "rotation": -56.5, "width": 96, "height": 39 }
		},
		"fox_eye_right_1": {
			"fox_eye_right_1": { "x": -6.24, "y": -10.73, "rotation": -56.5, "width": 145, "height": 171 }
		},
		"fox_eye_right_2": {
			"fox_eye_right_2": { "x": -17.75, "y": -20.3, "rotation": -56.5, "width": 103, "height": 102 }
		},
		"fox_head": {
			"fox_head": {
				"type": "mesh",
				"uvs": [ 1, 0.65093, 0.89504, 0.7796, 0.8518, 0.81243, 0.91426, 0.83679, 1, 0.88498, 0.81488, 1, 0.65879, 1, 0.5543, 0.93672, 0.52907, 0.91707, 0.50295, 0.91796, 0, 0.87762, 0, 0, 1, 0, 0.5542, 0.79638, 0.57045, 0.65245, 0.66067, 0.57564, 0.76937, 0.59898, 0.81308, 0.70568, 0.76153, 0.82572, 0.65618, 0.87129 ],
				"triangles": [ 5, 6, 19, 5, 18, 2, 5, 2, 3, 5, 3, 4, 2, 17, 1, 18, 17, 2, 17, 16, 0, 15, 17, 14, 17, 15, 16, 18, 14, 17, 13, 14, 18, 14, 11, 15, 16, 15, 12, 19, 13, 18, 5, 19, 18, 8, 13, 19, 13, 10, 14, 16, 12, 0, 8, 9, 13, 15, 11, 12, 14, 10, 11, 13, 9, 10, 7, 8, 19, 7, 19, 6, 1, 17, 0 ],
				"vertices": [ 1, 5, 295.98, -276.84, 1, 3, 5, 195.49, -267.2, 0.58, 6, 37.38, -136.55, 0.01, 8, 139.04, 71.54, 0.41, 2, 5, 164.35, -256.44, 0.25, 8, 114.15, 49.95, 0.75, 2, 6, 14.71, -165.5, 0.04, 8, 152.78, 37.43, 0.96, 1, 8, 206.34, 11.25, 1, 1, 8, 98.83, -65.61, 1, 2, 5, 4.49, -222.21, 0, 8, 4.58, -71.37, 1, 1, 5, 1.79, -148.19, 1, 1, 5, 3.37, -128.84, 1, 1, 5, -5.81, -115.96, 1, 1, 5, -153.22, 151.36, 1, 1, 5, 293.22, 446.82, 1, 2, 5, 627.11, -57.7, 0.99, 6, 469.01, 72.95, 0.01, 1, 6, -84.95, 29.76, 1, 1, 6, -6.31, 70.02, 1, 1, 6, 62.88, 50.36, 1, 1, 6, 87.31, -12.34, 1, 1, 6, 47.62, -70.31, 1, 1, 6, -30.65, -84.71, 1, 1, 6, -89.01, -46.91, 1 ],
				"hull": 13,
				"edges": [ 22, 24, 18, 16, 16, 14, 14, 12, 8, 6, 6, 4, 4, 2, 0, 24, 2, 0, 10, 12, 8, 10, 20, 22, 18, 20, 26, 28, 28, 30, 30, 32, 32, 34, 34, 36, 36, 38, 38, 26 ],
				"width": 605,
				"height": 610
			}
		},
		"fox_paw_back_right_1": {
			"fox_paw_back_right_1": {
				"type": "mesh",
				"uvs": [ 1, 0.25541, 1, 0.70109, 0.76195, 1, 0.27265, 1, 0, 0.71382, 0, 0.34876, 0.39953, 0, 0.78283, 0 ],
				"triangles": [ 7, 0, 1, 3, 4, 5, 6, 3, 5, 6, 7, 1, 2, 3, 6, 1, 2, 6 ],
				"vertices": [ 114.03, 115.71, 167.61, 10.46, 136.5, -94.26, -1.29, -164.4, -112.48, -135.9, -156.36, -49.68, -85.77, 89.96, 22.17, 144.9 ],
				"hull": 8,
				"edges": [ 10, 12, 4, 2, 12, 14, 2, 0, 14, 0, 4, 6, 8, 10, 6, 8 ],
				"width": 316,
				"height": 265
			}
		},
		"fox_paw_back_right_2": {
			"fox_paw_back_right_2": {
				"type": "mesh",
				"uvs": [ 0.60834, 0.37394, 0.67103, 0.40906, 0.73521, 0.40603, 1, 0.34523, 1, 1, 0.69589, 1, 0.61855, 0.96398, 0.55256, 0.90357, 1.0E-5, 0.40413, 0, 0, 0.27405, 0 ],
				"triangles": [ 8, 9, 10, 7, 10, 0, 7, 0, 1, 8, 10, 7, 6, 7, 1, 5, 1, 2, 6, 1, 5, 2, 3, 4, 5, 2, 4 ],
				"vertices": [ 2, 19, -14.97, 36.12, 0.1, 18, 104.74, 27.2, 0.9, 2, 19, 1.86, 32.6, 0.44, 18, 121.59, 30.66, 0.56, 2, 19, 18.74, 34.17, 0.8, 18, 136.45, 38.81, 0.2, 1, 19, 87.92, 47.07, 1, 1, 19, 93.93, -39.81, 1, 2, 19, 13.84, -45.35, 0.91, 18, 163.55, -36.12, 0.09, 2, 19, -6.86, -41.98, 0.59, 18, 143.21, -41.25, 0.41, 2, 19, -24.8, -35.17, 0.21, 18, 124.05, -42.13, 0.79, 1, 18, -36.04, -50.19, 1, 1, 18, -60.75, -2.46, 1, 1, 18, 3.5, 30.8, 1 ],
				"hull": 11,
				"edges": [ 18, 20, 20, 0, 0, 2, 2, 4, 8, 6, 4, 6, 16, 18, 16, 14, 14, 12, 8, 10, 12, 10 ],
				"width": 264,
				"height": 133
			}
		},
		"fox_paw_front_right": {
			"fox_paw_front_right": {
				"type": "mesh",
				"uvs": [ 0.55988, 0.55369, 0.5779, 0.63346, 0.64371, 0.64212, 0.76612, 0.67693, 0.79662, 0.69607, 0.8277, 0.71657, 0.99999, 0.8986, 1, 1, 0.73855, 0.96304, 0.7199, 0.95552, 0.69417, 0.94353, 0.47891, 0.91016, 0.37826, 0.91582, 0.28031, 0.88166, 0, 0.68325, 0, 0, 0.42617, 1.0E-5 ],
				"triangles": [ 4, 9, 3, 8, 9, 4, 5, 8, 4, 6, 8, 5, 8, 6, 7, 11, 12, 1, 10, 2, 3, 9, 10, 3, 1, 2, 10, 11, 1, 10, 14, 15, 16, 14, 16, 0, 13, 14, 0, 12, 13, 0, 0, 1, 12 ],
				"vertices": [ 2, 13, 171.28, 75.14, 0.65, 14, 28.63, 74.88, 0.35, 2, 13, 198.15, 64.4, 0.27, 14, 41.72, 49.07, 0.73, 2, 13, 222.13, 88.07, 0.03, 14, 75.36, 51, 0.97, 2, 14, 138.87, 48.24, 0.6, 15, -13.03, 46.51, 0.4, 2, 14, 155.21, 43.99, 0.29, 15, 3.82, 47.65, 0.71, 2, 14, 171.92, 39.32, 0.09, 15, 21.14, 48.5, 0.91, 1, 15, 127.81, 32.26, 1, 1, 15, 143.55, 1.13, 1, 2, 14, 139.27, -51.18, 0.33, 15, 18.82, -47.67, 0.67, 2, 14, 129.49, -50, 0.5, 15, 9.16, -49.66, 0.5, 2, 14, 115.9, -47.83, 0.74, 15, -4.41, -51.9, 0.26, 2, 13, 238.09, -35.67, 0.21, 14, 5.62, -52.45, 0.79, 2, 13, 206.37, -76.08, 0.8, 14, -44.88, -61.84, 0.2, 2, 13, 165.1, -106.58, 0.98, 14, -96.01, -57.49, 0.02, 1, 13, 20.58, -171.46, 1, 1, 13, -158.67, -19.43, 1, 1, 13, -18.09, 146.33, 1 ],
				"hull": 17,
				"edges": [ 30, 32, 32, 0, 0, 2, 2, 4, 14, 12, 14, 16, 22, 24, 24, 26, 28, 30, 26, 28, 4, 6, 6, 8, 8, 10, 10, 12, 16, 18, 18, 20, 20, 22 ],
				"width": 491,
				"height": 344
			}
		},
		"fox_tail": {
			"fox_tail_1": {
				"type": "mesh",
				"uvs": [ 0.28992, 0.02837, 0.44446, 0.08599, 0.53819, 0.16359, 0.62337, 0.23412, 0.69298, 0.31775, 0.75647, 0.41778, 0.78263, 0.45899, 0.82746, 0.55656, 0.83484, 0.6079, 0.84123, 0.65243, 0.84739, 0.6953, 0.85167, 0.72505, 0.86003, 0.76576, 0.87219, 0.79629, 0.90148, 0.82894, 0.94137, 0.87342, 0.98015, 0.91664, 1, 0.93877, 1, 1, 0.95099, 1, 0.91102, 0.96686, 0.86126, 0.9256, 0.81273, 0.88537, 0.77783, 0.85642, 0.74423, 0.8415, 0.70115, 0.82928, 0.64169, 0.8108, 0.57537, 0.79019, 0.45688, 0.75336, 0.34662, 0.68618, 0.24759, 0.59257, 0.14985, 0.48471, 0.10922, 0.41394, 0.0681, 0.34233, 0.02879, 0.2304, 0, 0.11431, 0, 0, 0.16605, 0, 0.07029, 0.17292, 0.24254, 0.05865, 0.11861, 0.27253, 0.35728, 0.11017, 0.16729, 0.34799, 0.46483, 0.1917, 0.21429, 0.42474, 0.55521, 0.26946, 0.28851, 0.52048, 0.62775, 0.34969, 0.36036, 0.59558, 0.6918, 0.45043, 0.44702, 0.66245, 0.7507, 0.5492, 0.52807, 0.70733, 0.63185, 0.74767, 0.75497, 0.76573, 0.76403, 0.69458, 0.7628, 0.61497, 0.0555, 0.10567, 0.04622, 0.04066, 0.15392, 0.04407, 0.14081, 0.09849, 0.20647, 0.17357, 0.28298, 0.24855, 0.3533, 0.32512, 0.43233, 0.41081, 0.50825, 0.48715, 0.5777, 0.56985, 0.63908, 0.636, 0.68915, 0.69071 ],
				"triangles": [ 35, 57, 38, 35, 58, 57, 35, 36, 58, 57, 58, 60, 60, 58, 59, 39, 59, 37, 59, 58, 37, 58, 36, 37, 34, 38, 40, 40, 38, 61, 34, 35, 38, 38, 60, 61, 61, 39, 41, 61, 60, 39, 38, 57, 60, 39, 0, 41, 41, 0, 1, 60, 59, 39, 0, 39, 37, 32, 33, 42, 33, 40, 42, 42, 62, 63, 42, 40, 62, 33, 34, 40, 40, 61, 62, 62, 41, 43, 62, 61, 41, 41, 1, 43, 43, 1, 2, 31, 44, 46, 31, 32, 44, 32, 42, 44, 44, 63, 64, 44, 42, 63, 64, 63, 45, 63, 43, 45, 63, 62, 43, 43, 2, 45, 45, 2, 3, 30, 46, 48, 30, 31, 46, 46, 64, 65, 46, 44, 64, 65, 64, 47, 47, 4, 5, 64, 45, 47, 4, 47, 3, 47, 45, 3, 29, 50, 28, 29, 48, 50, 29, 30, 48, 52, 50, 66, 50, 48, 66, 48, 65, 66, 48, 46, 65, 66, 49, 51, 66, 65, 49, 65, 47, 49, 49, 5, 6, 49, 47, 5, 28, 52, 27, 28, 50, 52, 68, 53, 67, 53, 52, 67, 67, 52, 66, 68, 67, 56, 56, 67, 51, 67, 66, 51, 56, 7, 8, 56, 51, 7, 51, 6, 7, 51, 49, 6, 12, 54, 11, 24, 25, 54, 25, 26, 54, 11, 55, 10, 11, 54, 55, 27, 53, 26, 26, 53, 54, 27, 52, 53, 53, 68, 54, 54, 68, 55, 55, 9, 10, 68, 56, 55, 55, 56, 9, 56, 8, 9, 21, 22, 14, 14, 22, 13, 24, 54, 23, 22, 23, 13, 13, 54, 12, 54, 13, 23, 19, 17, 18, 19, 20, 17, 20, 16, 17, 20, 21, 16, 21, 15, 16, 15, 21, 14 ],
				"vertices": [ 5, 25, 552.55, -193.74, 0, 26, 403.51, -193.74, 0.03, 27, 254.46, -193.74, 0.21, 28, 105.42, -193.74, 0.6, 29, -43.62, -193.74, 0.16, 6, 24, 556.56, -265.33, 0, 25, 407.52, -265.33, 0.03, 26, 258.47, -265.33, 0.23, 27, 109.43, -265.33, 0.47, 28, -39.61, -265.33, 0.26, 29, -188.66, -265.33, 0, 6, 23, 577.49, -276.93, 0, 24, 428.44, -276.93, 0.01, 25, 279.4, -276.93, 0.16, 26, 130.36, -276.93, 0.43, 27, -18.69, -276.93, 0.33, 28, -167.73, -276.93, 0.07, 6, 23, 461.05, -287.47, 0.01, 24, 312.01, -287.47, 0.08, 25, 162.96, -287.47, 0.37, 26, 13.92, -287.47, 0.4, 27, -135.13, -287.47, 0.13, 28, -284.17, -287.47, 0.01, 5, 23, 341.44, -276.68, 0.08, 24, 192.39, -276.68, 0.24, 25, 43.35, -276.68, 0.46, 26, -105.7, -276.68, 0.19, 27, -254.74, -276.68, 0.03, 6, 22, 359.02, -249.13, 0.01, 23, 209.98, -249.13, 0.31, 24, 60.93, -249.13, 0.4, 25, -88.11, -249.13, 0.25, 26, -237.15, -249.13, 0.03, 27, -386.2, -249.13, 0, 5, 22, 304.86, -237.78, 0.03, 23, 155.81, -237.78, 0.45, 24, 6.77, -237.78, 0.37, 25, -142.27, -237.78, 0.14, 26, -291.32, -237.78, 0.01, 4, 22, 186.68, -198.23, 0.21, 23, 37.64, -198.23, 0.64, 24, -111.4, -198.23, 0.13, 25, -260.45, -198.23, 0.02, 4, 22, 134.03, -165.4, 0.44, 23, -15.01, -165.4, 0.52, 24, -164.06, -165.4, 0.04, 25, -313.1, -165.4, 0, 5, 21, 237.4, -136.91, 0.01, 22, 88.35, -136.91, 0.7, 23, -60.69, -136.91, 0.29, 24, -209.73, -136.91, 0.01, 25, -358.78, -136.91, 0, 4, 21, 193.43, -109.5, 0.07, 22, 44.38, -109.5, 0.83, 23, -104.66, -109.5, 0.09, 24, -253.7, -109.5, 0, 3, 21, 162.92, -90.48, 0.24, 22, 13.88, -90.48, 0.74, 23, -135.17, -90.48, 0.02, 2, 21, 119.69, -66.3, 0.73, 22, -29.35, -66.31, 0.27, 2, 21, 83.81, -52.54, 0.98, 22, -65.23, -52.54, 0.02, 2, 20, 177.81, -50.96, 0.07, 21, 28.76, -50.96, 0.93, 2, 20, 28.83, -59.84, 0.92, 21, -120.22, -59.84, 0.08, 1, 20, -42.3, -57.49, 1, 1, 20, -74.8, -55.7, 1, 1, 20, -132.43, -10.02, 1, 1, 20, -103.63, 26.31, 1, 1, 20, -48.95, 31.22, 1, 2, 20, 28.7, 38.76, 0.9, 21, -120.34, 38.76, 0.1, 2, 20, 173.97, 56.5, 0.1, 21, 24.92, 56.5, 0.9, 2, 21, 82.66, 62.27, 0.96, 22, -66.39, 62.27, 0.04, 3, 21, 116.45, 76.05, 0.71, 22, -32.59, 76.05, 0.28, 23, -181.63, 76.05, 0, 4, 21, 153.26, 98.87, 0.3, 22, 4.22, 98.87, 0.67, 23, -144.82, 98.87, 0.02, 24, -293.87, 98.87, 0, 4, 21, 205.59, 129.16, 0.05, 22, 56.55, 129.16, 0.79, 23, -92.49, 129.16, 0.15, 24, -241.54, 129.16, 0.01, 5, 21, 263.96, 162.95, 0, 22, 114.92, 162.95, 0.54, 23, -34.12, 162.95, 0.4, 24, -183.17, 162.95, 0.06, 25, -332.21, 162.95, 0, 5, 22, 219.21, 223.33, 0.14, 23, 70.17, 223.33, 0.53, 24, -78.88, 223.33, 0.29, 25, -227.92, 223.33, 0.03, 26, -376.96, 223.33, 0, 5, 22, 347.23, 254.95, 0.01, 23, 198.19, 254.95, 0.26, 24, 49.15, 254.95, 0.51, 25, -99.9, 254.95, 0.2, 26, -248.94, 254.95, 0.02, 5, 23, 344.49, 258.54, 0.04, 24, 195.44, 258.54, 0.31, 25, 46.4, 258.54, 0.46, 26, -102.65, 258.54, 0.17, 27, -251.69, 258.54, 0.01, 6, 23, 503.44, 250.53, 0, 24, 354.4, 250.53, 0.05, 25, 205.35, 250.53, 0.32, 26, 56.31, 250.53, 0.46, 27, -92.73, 250.53, 0.16, 28, -241.78, 250.53, 0, 5, 24, 444.88, 227.86, 0.01, 25, 295.84, 227.86, 0.14, 26, 146.79, 227.86, 0.44, 27, -2.25, 227.86, 0.39, 28, -151.29, 227.86, 0.03, 5, 24, 536.45, 204.92, 0, 25, 387.4, 204.92, 0.03, 26, 238.36, 204.92, 0.22, 27, 89.32, 204.92, 0.59, 28, -59.73, 204.92, 0.17, 5, 25, 515.84, 150.56, 0, 26, 366.8, 150.56, 0.01, 27, 217.75, 150.56, 0.27, 28, 68.71, 150.56, 0.7, 29, -80.33, 150.56, 0.02, 3, 27, 343.94, 85.3, 0, 28, 194.9, 85.3, 0.23, 29, 45.85, 85.31, 0.77, 2, 28, 302.49, 0.03, 0, 29, 153.44, 0.03, 1, 4, 26, 503, -123.08, 0, 27, 353.96, -123.08, 0.02, 28, 204.92, -123.08, 0.32, 29, 55.87, -123.08, 0.66, 4, 26, 396.51, 76.92, 0, 27, 247.47, 76.92, 0.06, 28, 98.43, 76.92, 0.85, 29, -50.62, 76.92, 0.09, 4, 26, 402.86, -136.03, 0.02, 27, 253.81, -136.03, 0.14, 28, 104.77, -136.03, 0.64, 29, -44.27, -136.03, 0.21, 4, 25, 423.41, 115.41, 0, 26, 274.37, 115.41, 0.07, 27, 125.33, 115.41, 0.61, 28, -23.72, 115.41, 0.32, 5, 25, 435.98, -182.66, 0.01, 26, 286.94, -182.67, 0.14, 27, 137.89, -182.66, 0.46, 28, -11.15, -182.67, 0.37, 29, -160.19, -182.66, 0.02, 5, 24, 472.83, 135.6, 0, 25, 323.78, 135.6, 0.05, 26, 174.74, 135.6, 0.35, 27, 25.7, 135.6, 0.55, 28, -123.35, 135.6, 0.05, 6, 23, 594.13, -201.57, 0, 24, 445.09, -201.57, 0.01, 25, 296.05, -201.57, 0.11, 26, 147, -201.57, 0.42, 27, -2.04, -201.57, 0.38, 28, -151.08, -201.57, 0.08, 5, 24, 372.98, 158.02, 0.02, 25, 223.93, 158.02, 0.23, 26, 74.89, 158.02, 0.55, 27, -74.15, 158.02, 0.19, 28, -223.2, 158.02, 0, 6, 23, 467.84, -210.57, 0.01, 24, 318.8, -210.57, 0.06, 25, 169.75, -210.57, 0.36, 26, 20.71, -210.57, 0.43, 27, -128.33, -210.57, 0.13, 28, -277.38, -210.57, 0.01, 5, 23, 388.3, 174.41, 0.01, 24, 239.25, 174.41, 0.19, 25, 90.21, 174.41, 0.53, 26, -58.83, 174.41, 0.24, 27, -207.88, 174.41, 0.02, 5, 23, 349.7, -204.49, 0.07, 24, 200.66, -204.49, 0.24, 25, 51.61, -204.49, 0.49, 26, -97.43, -204.49, 0.18, 27, -246.47, -204.49, 0.02, 6, 22, 424.44, 177.17, 0, 23, 275.39, 177.17, 0.1, 24, 126.35, 177.17, 0.49, 25, -22.7, 177.17, 0.36, 26, -171.74, 177.17, 0.06, 27, -320.78, 177.17, 0, 6, 22, 366.29, -176.82, 0, 23, 217.24, -176.82, 0.3, 24, 68.2, -176.82, 0.45, 25, -80.85, -176.82, 0.22, 26, -229.89, -176.82, 0.02, 27, -378.93, -176.82, 0, 5, 22, 310.58, 162.81, 0.03, 23, 161.53, 162.81, 0.38, 24, 12.49, 162.81, 0.5, 25, -136.55, 162.81, 0.09, 26, -285.6, 162.81, 0, 5, 22, 238.71, -146.81, 0.11, 23, 89.67, -146.81, 0.67, 24, -59.37, -146.81, 0.19, 25, -208.42, -146.81, 0.03, 26, -357.46, -146.81, 0, 4, 22, 220.7, 136.21, 0.16, 23, 71.66, 136.21, 0.62, 24, -77.38, 136.21, 0.21, 25, -226.43, 136.21, 0.01, 4, 21, 270.8, 89.37, 0, 22, 121.75, 89.37, 0.65, 23, -27.29, 89.37, 0.32, 24, -176.33, 89.37, 0.02, 2, 22, 32.41, 11.56, 1, 23, -116.64, 11.56, 0, 3, 21, 243.09, -48.23, 0, 22, 94.05, -48.23, 0.92, 23, -55, -48.23, 0.08, 4, 22, 169.7, -106.71, 0.34, 23, 20.66, -106.71, 0.62, 24, -128.39, -106.71, 0.04, 25, -277.43, -106.71, 0, 2, 28, 170.41, 37.71, 0.19, 29, 21.37, 37.71, 0.81, 2, 28, 237.06, -3.9, 0, 29, 88.02, -3.9, 1, 4, 26, 468.65, -81.21, 0, 27, 319.61, -81.21, 0.01, 28, 170.57, -81.21, 0.36, 29, 21.52, -81.21, 0.63, 4, 26, 425.14, -30.89, 0, 27, 276.09, -30.89, 0, 28, 127.05, -30.89, 0.82, 29, -22, -30.89, 0.18, 3, 26, 315.89, -23.56, 0, 27, 166.84, -23.56, 0.15, 28, 17.8, -23.56, 0.85, 4, 25, 349.4, -24.34, 0, 26, 200.35, -24.34, 0.03, 27, 51.31, -24.34, 0.97, 28, -97.74, -24.34, 0, 2, 26, 86.97, -19.35, 0.99, 27, -62.07, -19.35, 0.01, 4, 23, 407, -14.02, 0, 24, 257.96, -14.02, 0, 25, 108.91, -14.02, 1, 26, -40.13, -14.02, 0, 3, 23, 290.55, -13.35, 0, 24, 141.5, -13.35, 0.73, 25, -7.54, -13.35, 0.26, 2, 24, 22.85, -3.15, 1, 25, -126.19, -3.15, 0, 3, 22, 222.6, 0.7, 0, 23, 73.56, 0.7, 1, 24, -75.48, 0.7, 0, 3, 22, 141.69, 4.39, 0.76, 23, -7.35, 4.39, 0.24, 24, -156.4, 4.39, 0 ],
				"hull": 38,
				"edges": [ 36, 34, 26, 24, 24, 22, 72, 74, 0, 74, 36, 38, 46, 48, 48, 50, 70, 72, 68, 70, 10, 12, 50, 52, 52, 54, 14, 16, 16, 18, 18, 20, 20, 22, 26, 28, 44, 46, 42, 44, 28, 30, 38, 40, 40, 42, 30, 32, 32, 34, 66, 68, 64, 66, 62, 64, 60, 62, 58, 60, 56, 58, 54, 56, 2, 4, 0, 2, 4, 6, 6, 8, 8, 10, 12, 14 ],
				"width": 946,
				"height": 1201
			}
		},
		"fox_tail_2": {
			"fox_tail_2": {
				"type": "mesh",
				"uvs": [ 0.60941, 0.02951, 0.71988, 0.06692, 0.81746, 0.11412, 0.89846, 0.17469, 0.96413, 0.24296, 1, 0.31719, 1, 0.37341, 0.96744, 0.44721, 0.92263, 0.51362, 0.87357, 0.56925, 0.81816, 0.61977, 0.74889, 0.69761, 0.70445, 0.76149, 0.67643, 0.81139, 0.66987, 0.85783, 0.68899, 0.8883, 0.73401, 0.91009, 0.78071, 0.91755, 0.84324, 0.91715, 0.89577, 0.9111, 0.93017, 0.90222, 0.96564, 0.89498, 0.98636, 0.89565, 1, 0.90214, 1, 0.92575, 0.98479, 0.94667, 0.94005, 0.96351, 0.80633, 0.98755, 0.72195, 1, 0.60351, 1, 0.46285, 1, 0.33677, 0.97369, 0.23312, 0.93079, 0.14016, 0.87858, 0.06954, 0.81358, 0.01932, 0.75569, 0, 0.70141, 0, 0.62427, 0.02027, 0.57106, 0.05947, 0.49099, 0.10069, 0.41904, 0.18141, 0.30622, 0.24816, 0.22282, 0.30871, 0.12416, 0.34535, 0.07329, 0.34376, 0.01856, 0.36766, 0, 0.45108, 0, 0.88338, 0.97312, 0.96419, 0.92254, 0.89758, 0.94008, 0.8388, 0.94956, 0.74868, 0.95714, 0.6664, 0.95856, 0.5988, 0.9524, 0.54003, 0.9396, 0.48615, 0.90911, 0.41479, 0.8628, 0.37448, 0.81085, 0.35989, 0.7564, 0.35364, 0.70194, 0.36406, 0.63538, 0.40992, 0.56054, 0.47871, 0.48289, 0.56295, 0.40637, 0.60176, 0.32972, 0.59973, 0.23758, 0.57091, 0.16464, 0.51326, 0.0917, 0.40907, 0.02368 ],
				"triangles": [ 69, 47, 68, 44, 45, 69, 45, 46, 69, 69, 46, 47, 43, 44, 68, 67, 43, 68, 1, 68, 0, 44, 69, 68, 68, 47, 0, 66, 43, 67, 3, 67, 2, 3, 66, 67, 67, 1, 2, 1, 67, 68, 65, 42, 66, 66, 42, 43, 4, 66, 3, 4, 65, 66, 7, 65, 6, 65, 41, 42, 65, 5, 6, 65, 4, 5, 9, 10, 63, 9, 63, 8, 63, 64, 8, 8, 64, 7, 39, 40, 63, 63, 40, 64, 64, 40, 41, 65, 64, 41, 64, 65, 7, 10, 11, 62, 11, 61, 62, 61, 38, 62, 38, 39, 62, 10, 62, 63, 62, 39, 63, 11, 12, 60, 35, 60, 59, 12, 59, 60, 35, 36, 60, 60, 61, 11, 61, 60, 37, 60, 36, 37, 37, 38, 61, 33, 58, 57, 33, 34, 58, 34, 59, 58, 34, 35, 59, 12, 13, 59, 13, 58, 59, 30, 31, 56, 56, 31, 57, 31, 32, 57, 32, 33, 57, 56, 14, 15, 56, 57, 14, 14, 57, 13, 13, 57, 58, 29, 53, 28, 30, 55, 29, 55, 54, 29, 29, 54, 53, 55, 30, 56, 16, 53, 15, 53, 54, 15, 54, 55, 15, 55, 56, 15, 28, 52, 27, 28, 53, 52, 27, 52, 51, 52, 53, 16, 52, 17, 51, 52, 16, 17, 27, 48, 26, 27, 51, 48, 48, 50, 26, 48, 51, 50, 26, 50, 25, 51, 18, 50, 51, 17, 18, 18, 19, 50, 50, 49, 25, 25, 49, 24, 49, 19, 20, 49, 50, 19, 49, 23, 24, 23, 21, 22, 23, 49, 21, 49, 20, 21 ],
				"vertices": [ 3, 41, 231.53, -74.27, 0.13, 42, 57.39, -104.38, 0.87, 43, -72.2, -100.88, 0, 4, 39, 422.91, -70.13, 0, 40, 291.91, -108.64, 0.04, 41, 160.96, -134.07, 0.6, 42, -30.74, -132.46, 0.36, 4, 39, 357.42, -138.48, 0.03, 40, 218.16, -167.99, 0.21, 41, 79.2, -181.79, 0.71, 42, -124.56, -145.09, 0.06, 5, 38, 540.7, -54.87, 0, 39, 272.75, -195.88, 0.16, 40, 126.79, -214, 0.42, 41, -17.99, -213.7, 0.42, 42, -226.55, -137.2, 0, 5, 37, 658.11, -206.74, 0, 38, 475.65, -139.53, 0.03, 39, 176.94, -242.99, 0.4, 40, 25.71, -248.37, 0.41, 41, -123.06, -232.65, 0.16, 5, 37, 566.79, -264.61, 0.01, 38, 393.64, -209.98, 0.16, 39, 72.21, -269.85, 0.56, 40, -81.6, -261.51, 0.23, 41, -231.13, -229.69, 0.04, 6, 36, 565.09, -409.35, 0, 37, 491.51, -290.83, 0.04, 38, 322.94, -246.8, 0.31, 39, -7.48, -271.55, 0.53, 40, -160.85, -252.94, 0.12, 41, -308.23, -209.42, 0.01, 6, 35, 432.68, -529.95, 0, 36, 459.14, -394.43, 0.01, 37, 385.35, -304.16, 0.12, 38, 219.81, -275.31, 0.52, 39, -112.58, -251.46, 0.33, 40, -262.48, -219.47, 0.03, 7, 34, 343.95, -551.75, 0, 35, 351.03, -473.86, 0, 36, 363.04, -370.39, 0.03, 37, 286.3, -306.12, 0.27, 38, 122.08, -291.55, 0.56, 39, -207.39, -222.74, 0.14, 40, -352.81, -178.78, 0, 7, 33, 56.94, -560.67, 0, 34, 295.23, -481.18, 0, 35, 284.87, -419.29, 0.02, 36, 281.99, -342.36, 0.07, 37, 200.74, -300.28, 0.42, 38, 36.58, -298.13, 0.44, 39, -286.97, -190.79, 0.05, 7, 33, 68.85, -480.45, 0, 34, 254.95, -410.79, 0.01, 35, 226.89, -362.59, 0.05, 36, 207.85, -309.48, 0.16, 37, 120.59, -287.96, 0.51, 38, -44.52, -297.5, 0.26, 39, -359.41, -154.32, 0.01, 6, 33, 76.79, -360.54, 0.02, 34, 186.98, -311.68, 0.05, 35, 134.43, -285.82, 0.16, 36, 94.4, -269.85, 0.32, 37, 0.72, -279.4, 0.37, 38, -164.36, -306.34, 0.07, 6, 33, 75.3, -264.98, 0.07, 34, 126.67, -237.54, 0.17, 35, 56.16, -230.99, 0.3, 36, 1.91, -245.8, 0.29, 37, -94.85, -280.4, 0.16, 38, -258.78, -321.13, 0.01, 7, 32, 96.56, -204.13, 0, 33, 69.8, -191.87, 0.18, 34, 77.11, -183.51, 0.32, 35, -6.29, -192.56, 0.29, 36, -70.03, -231.6, 0.15, 37, -167.99, -285.53, 0.06, 38, -330.42, -336.76, 0, 6, 32, 102.94, -138.44, 0.06, 33, 52.06, -128.3, 0.42, 34, 23.83, -144.55, 0.34, 35, -68.18, -169.64, 0.12, 36, -136.03, -231.74, 0.04, 37, -231.65, -302.94, 0.01, 6, 32, 91.06, -94.86, 0.24, 33, 25.27, -91.93, 0.55, 34, -19.71, -132.56, 0.17, 35, -113.35, -170.01, 0.03, 36, -178.22, -247.87, 0.01, 37, -268.15, -329.55, 0, 7, 31, 104.34, -80.24, 0.01, 32, 61.07, -63.1, 0.7, 33, -14.16, -73.13, 0.25, 34, -62.32, -142.19, 0.03, 35, -151.71, -190.91, 0, 36, -206.86, -280.85, 0, 37, -287.16, -368.88, 0, 7, 31, 78.51, -58.55, 0.17, 32, 29.35, -51.61, 0.79, 33, -47.89, -73.85, 0.03, 34, -88.37, -163.62, 0, 35, -170.9, -218.65, 0, 36, -215.16, -313.55, 0, 37, -286.61, -402.61, 0, 3, 30, 75.6, -50, 0.03, 31, 38.44, -43.2, 0.8, 32, -13.55, -50.96, 0.17, 3, 30, 40.63, -37.76, 0.54, 31, 1.79, -37.82, 0.46, 32, -49.82, -58.51, 0, 2, 30, 13.98, -35.6, 0.95, 31, -24.78, -40.77, 0.05, 1, 30, -12.04, -31.11, 1, 1, 30, -23.49, -22.62, 1, 1, 30, -26.4, -9.83, 1, 1, 30, -8.32, 18.35, 1, 2, 30, 16.49, 37.68, 0.97, 31, -36.25, 31.65, 0.03, 2, 30, 55.21, 41.19, 0.41, 31, 1.1, 42.46, 0.59, 2, 31, 98.94, 40.17, 0.14, 32, 14.61, 48.12, 0.86, 2, 32, 72.97, 64.11, 0.85, 33, -48.93, 49.81, 0.15, 3, 32, 154.19, 61.79, 0.07, 33, 27.66, 76.94, 0.92, 34, -122.33, 1.58, 0.01, 2, 33, 118.62, 109.15, 0.64, 34, -70.81, 83.17, 0.36, 3, 33, 212.61, 102.86, 0.12, 34, 6.91, 136.38, 0.82, 35, -161.24, 95.98, 0.06, 4, 33, 299.94, 69.25, 0, 34, 96.31, 164.02, 0.67, 35, -82.79, 146.99, 0.33, 36, -260.31, 59.84, 0, 3, 34, 192.96, 178.42, 0.27, 35, 6.24, 187.25, 0.68, 36, -190.94, 128.66, 0.05, 4, 34, 296.75, 170.17, 0.04, 35, 108.34, 207.69, 0.66, 36, -102.41, 183.47, 0.29, 37, -307.89, 106.6, 0, 4, 34, 384.56, 155.47, 0, 35, 196.82, 217.54, 0.4, 36, -22.94, 223.61, 0.55, 37, -241.7, 166.14, 0.04, 4, 35, 274.4, 208.51, 0.19, 36, 52.9, 242.24, 0.66, 37, -173.38, 203.97, 0.14, 38, -406.42, 146.84, 0, 5, 35, 379.33, 177.61, 0.04, 36, 162.02, 249.94, 0.54, 37, -70.08, 239.96, 0.41, 38, -309.4, 197.36, 0.01, 39, -377.8, 406.67, 0, 6, 35, 447.77, 142.96, 0.01, 36, 238.25, 241.37, 0.34, 37, 5.74, 251.65, 0.59, 38, -236.06, 219.87, 0.06, 39, -302.08, 394.39, 0, 40, -367.2, 445.4, 0, 6, 36, 353.41, 222.53, 0.09, 37, 121.81, 263.61, 0.63, 38, -122.93, 248.46, 0.25, 39, -187.98, 369.93, 0.02, 40, -257.21, 406.45, 0, 41, -305.43, 456.97, 0, 7, 36, 457.17, 201.5, 0.01, 37, 227.46, 270.47, 0.39, 38, -19.38, 270.5, 0.49, 39, -85.37, 343.85, 0.07, 40, -158.81, 367.37, 0.02, 41, -213.94, 403.68, 0.01, 42, -170.17, 508.08, 0, 6, 37, 396.75, 270.8, 0.06, 38, 148.09, 295.28, 0.47, 39, 75.75, 291.91, 0.22, 40, -5.72, 295.1, 0.14, 41, -73.3, 309.45, 0.09, 42, -76.55, 367.03, 0.02, 6, 37, 523.49, 266.47, 0, 38, 274.12, 309.28, 0.19, 39, 194.96, 248.66, 0.17, 40, 106.92, 236.86, 0.23, 41, 29.42, 235.1, 0.28, 42, -10.29, 258.91, 0.13, 6, 38, 417.39, 337.06, 0.02, 39, 335.72, 210.13, 0.02, 40, 241.54, 180.52, 0.06, 41, 154.17, 159.36, 0.31, 42, 75.76, 141.04, 0.56, 43, -41.55, 143.3, 0.02, 6, 38, 492.99, 348.08, 0, 39, 408.38, 186.54, 0, 40, 310.56, 147.77, 0.01, 41, 217.55, 116.7, 0.07, 42, 117.88, 77.3, 0.65, 43, -2.68, 77.54, 0.27, 2, 42, 180.25, 31.11, 0.01, 43, 57.29, 28.28, 0.99, 1, 43, 66.81, -1.24, 1, 2, 42, 156.53, -43.38, 0.26, 43, 29.87, -44.94, 0.74, 3, 30, 95.29, 31.68, 0.03, 31, 42.26, 40.73, 0.89, 32, -38.81, 29.17, 0.08, 1, 30, 9.9, 1.25, 1, 2, 30, 61.79, -2.5, 0.03, 31, 15.86, 0.81, 0.97, 2, 31, 58.29, -1.64, 0.83, 32, -9.19, -5.11, 0.17, 1, 32, 52.91, 3.88, 1, 2, 32, 109.39, 4.28, 0.27, 33, 6.62, 7.15, 0.73, 1, 33, 53.24, 14.39, 1, 1, 33, 97.3, 10.75, 1, 1, 34, 29.63, 0.84, 1, 1, 34, 111.3, 7.17, 1, 1, 35, 52.96, 5.92, 1, 5, 33, 300.51, -192.89, 0, 34, 258.98, -41.54, 0, 35, 129.86, -6.29, 0.8, 36, -7.51, -9.51, 0.2, 37, -165.79, -54.82, 0, 1, 36, 69.21, 0.2, 1, 5, 33, 355.1, -355.6, 0, 34, 402.54, -135.57, 0, 35, 293.66, -57.51, 0, 36, 163.86, -0.3, 0.59, 37, -2.8, -1.07, 0.41, 3, 37, 107.77, 4.13, 1, 38, -99.37, -10.32, 0, 39, -281.44, 127.47, 0, 3, 35, 478.86, -194.05, 0, 36, 385.09, -63.55, 0, 38, 20.09, -1.32, 1, 3, 36, 497.39, -113.56, 0, 37, 348.74, -23.08, 0, 38, 143.01, -2.46, 1, 5, 38, 251.72, 24.13, 0, 39, 48.61, 2.9, 1, 40, -69.87, 12, 0, 41, -178.84, 39.04, 0, 42, -277.91, 157.96, 0, 1, 40, 60.17, -0.67, 1, 1, 41, 52.92, 0, 1, 4, 38, 523.03, 233.85, 0, 39, 384.74, 70.82, 0, 40, 272.21, 36.06, 0, 42, 27.26, 1.55, 1, 1, 43, 22.83, -1.25, 1 ],
				"hull": 48,
				"edges": [ 46, 44, 44, 42, 42, 40, 40, 38, 38, 36, 36, 34, 34, 32, 32, 30, 30, 28, 28, 26, 26, 24, 24, 22, 22, 20, 20, 18, 18, 16, 16, 14, 14, 12, 12, 10, 10, 8, 8, 6, 6, 4, 4, 2, 2, 0, 0, 94, 46, 48, 48, 50, 50, 52, 52, 96, 96, 54, 54, 56, 60, 62, 62, 64, 64, 66, 66, 68, 68, 70, 70, 72, 72, 74, 74, 76, 76, 78, 78, 80, 80, 82, 82, 84, 84, 86, 86, 88, 88, 90, 92, 94, 90, 92, 52, 54, 56, 58, 58, 60 ],
				"width": 686,
				"height": 1418
			}
		}
	}
}
}